-- phpMyAdmin SQL Dump
-- version 4.8.5
-- https://www.phpmyadmin.net/
--
-- Hôte : 127.0.0.1
-- Généré le :  jeu. 08 déc. 2022 à 14:12
-- Version du serveur :  10.1.38-MariaDB
-- Version de PHP :  7.3.3

SET SQL_MODE = "NO_AUTO_VALUE_ON_ZERO";
SET AUTOCOMMIT = 0;
START TRANSACTION;
SET time_zone = "+00:00";


/*!40101 SET @OLD_CHARACTER_SET_CLIENT=@@CHARACTER_SET_CLIENT */;
/*!40101 SET @OLD_CHARACTER_SET_RESULTS=@@CHARACTER_SET_RESULTS */;
/*!40101 SET @OLD_COLLATION_CONNECTION=@@COLLATION_CONNECTION */;
/*!40101 SET NAMES utf8mb4 */;

--
-- Base de données :  `db_sioshop`
--

-- --------------------------------------------------------

--
-- Structure de la table `client`
--

CREATE TABLE `client` (
  `Num_client` int(255) NOT NULL,
  `nom` varchar(255) DEFAULT NULL,
  `prenom` varchar(255) DEFAULT NULL,
  `adresse` varchar(255) DEFAULT NULL,
  `mail` varchar(255) DEFAULT NULL,
  `tel` varchar(20) DEFAULT NULL
) ENGINE=InnoDB DEFAULT CHARSET=latin1;

--
-- Déchargement des données de la table `client`
--

INSERT INTO `client` (`Num_client`, `nom`, `prenom`, `adresse`, `mail`, `tel`) VALUES
(1, 'Delgado', 'Marcia', '5614 Blandit St.', 'quis.pede.Praesent@Duiscursus.co.uk', '02 38 15 02 78'),
(2, 'Hanachi', 'Ramim', 'P.O. Box 965, 6567 Tempus, Rd.', 'lobortis@in.com', '02 64 91 17 26'),
(3, 'oli', 'Haley', '6346 Proin Rd.', 'metus.Aenean.sed@sit.net', '08 44 72 23 23'),
(4, 'Thompson', 'Tyrone', 'P.O. Box 124, 3641 Ut Av.', 'Annte@Maurisvestibulum.edu', '06 35 12 11 23'),
(5, 'Stout2', 'Kelly', '695-1753 Fusce Ave', 'lectus.rutrum@aliquetmolestie.edu', '09 96 79 27 27'),
(6, 'Gutierrez', 'Dylan', 'P.O. Box 889, 9626 Adipiscing Rd.', 'nibh.dolor@quamCurabitur.net', '04 97 74 63 88'),
(7, 'Dalton', 'Cedric', '551-7282 Donec St.', 'metus.urna@ametornare.net', '06 43 41 16 09'),
(8, 'Walker', 'Virginia', 'Ap #548-759 Risus. Street', 'ipsum@ullamcorper.edu', '03 08 43 95 66'),
(9, 'Stouta', 'Erasmus', '873-1369 Id, St.', 'lacinia.orci.consectetuer@seddictumeleifend.com', '05 01 41 38 00'),
(10, 'Tanner', 'Chase', '895-6748 Odio. Rd.', 'mi.ac@adlitoratorquent.edu', '05 14 97 42 14'),
(11, 'Vincent', 'Hedley', '8354 Tellus, Road', 'fermentum.risus@odioNaminterdum.edu', '05 67 26 61 69'),
(12, 'Finley', 'Raja', 'Ap #302-2269 Eget, Ave', 'lacinia.orci@temporestac.com', '06 06 81 66 86'),
(13, 'Pitts', 'Jonah', 'Ap #758-3520 Maecenas Av.', 'Duis@nunc.net', '02 89 20 01 07'),
(14, 'Reeves', 'Amity', 'P.O. Box 808, 1731 Nonummy. St.', 'eget.varius.ultrices@quisdiamPellentesque.org', '02 17 63 26 59'),
(15, 'Aguirre', 'Clayton', 'P.O. Box 939, 5202 Fusce St.', 'bibendum.Donec.felis@ridiculusmusProin.com', '08 12 73 25 14'),
(16, 'Sherman', 'Rinah', '605-144 Pharetra, Ave', 'massa.Suspendisse@mattisvelit.co.uk', '08 42 74 90 91'),
(17, 'Turner', 'Ulla', 'Ap #706-5353 A Avenue', 'pharetra.nibh.Aliquam@egestas.org', '05 50 72 41 03'),
(18, 'Davis', 'Gray', '721-3712 Vitae Rd.', 'venenatis@ac.net', '03 25 84 50 04'),
(19, 'Barry', 'Naida', 'P.O. Box 566, 266 Aenean Rd.', 'natoque.penatibus.et@fringillaeuismod.com', '08 29 76 33 78'),
(20, 'Langley', 'Noelle', '152-1637 Dui Ave', 'per.inceptos.hymenaeos@ligula.com', '03 29 57 89 36'),
(21, 'Lindsay', 'Joel', '325-3029 Nec Rd.', 'augue.eu.tellus@montes.co.uk', '01 84 77 62 98'),
(22, 'Lamb', 'Shoshana', 'P.O. Box 724, 553 Elit Av.', 'semper.tellus.id@sedturpisnec.net', '06 32 13 01 42'),
(23, 'Mullen', 'Tiger', 'Ap #535-5335 Cum Avenue', 'per.inceptos.hymenaeos@magnisdis.com', '03 72 53 50 96'),
(24, 'Beasley', 'Macaulay', 'P.O. Box 405, 8214 Integer Ave', 'scelerisque.dui.Suspendisse@diamPellentesque.org', '01 67 30 93 08'),
(25, 'Hawkins', 'Tate', 'Ap #355-948 Amet, St.', 'vitae.semper@venenatis.edu', '06 06 90 19 61'),
(26, 'Daugherty', 'Tasha', 'P.O. Box 291, 794 Luctus. Avenue', 'mauris.Integer@Mauris.edu', '01 15 70 96 64'),
(27, 'Foley', 'Jessamine', '739-9963 Dictum Street', 'porttitor.scelerisque@bibendum.co.uk', '07 94 77 97 06'),
(28, 'Cortez', 'Elton', 'P.O. Box 345, 706 Mauris St.', 'ut.cursus.luctus@sitametluctus.com', '02 89 28 35 58'),
(29, 'Lynn', 'Avram', '528-7419 Phasellus Avenue', 'Integer.id@Aenean.co.uk', '05 73 17 84 07'),
(30, 'Washington', 'Dominique', 'P.O. Box 655, 9375 Eu Rd.', 'justo.faucibus.lectus@egestasurna.org', '09 36 57 19 34'),
(31, 'Howard', 'Brent', '9710 Sodales Rd.', 'nulla.ante.iaculis@NullafacilisiSed.com', '01 63 82 28 48'),
(32, 'Coffey', 'Bert', '968-7568 Mattis St.', 'elit.pretium@molestie.co.uk', '09 56 99 68 94'),
(33, 'Pratt', 'Velma', '2469 Ante, Rd.', 'gravida.nunc.sed@maurisMorbinon.net', '05 16 19 06 52'),
(34, 'Ortega', 'Hiroko', '176-6418 Cursus Street', 'faucibus.orci.luctus@iaculislacus.net', '09 64 99 94 90'),
(35, 'Pruitt', 'Elvis', '315-3296 Sed St.', 'arcu.Nunc@felisorci.net', '03 24 25 95 70'),
(36, 'Trevino', 'Tallulah', '249-3575 Placerat. Street', 'sem.semper.erat@estNunclaoreet.ca', '03 18 75 71 73'),
(37, 'Buchanan', 'Galena', 'Ap #280-3206 Convallis Rd.', 'vitae@arcuvel.net', '07 17 05 32 61'),
(38, 'Skinner', 'Rogan', 'Ap #494-6399 Et Road', 'magnis@utsem.edu', '05 95 59 16 33'),
(39, 'Rush', 'Carly', '2692 Aliquet Av.', 'litora.torquent.per@faucibuslectusa.ca', '06 67 43 84 96'),
(40, 'Tanner', 'Elizabeth', 'P.O. Box 935, 879 Arcu. St.', 'Cras.eu@liberoDonecconsectetuer.ca', '06 40 94 61 52'),
(41, 'Walls', 'Martina', '3905 Duis Road', 'volutpat.nunc.sit@diamDuismi.ca', '04 40 60 20 50'),
(42, 'Holcomb', 'Madonna', 'Ap #432-9156 Tempus St.', 'mollis.vitae@ProinmiAliquam.com', '01 78 40 82 53'),
(43, 'Miles', 'Angelica', 'P.O. Box 297, 6573 Orci Ave', 'nisi.magna.sed@quispede.ca', '07 79 46 17 69'),
(44, 'Chan', 'Uriel', 'P.O. Box 595, 7999 In, Ave', 'fermentum.fermentum@Lorem.net', '05 63 94 61 71'),
(45, 'Raymond', 'Bethany', 'Ap #694-8461 Arcu. Ave', 'felis.orci.adipiscing@nuncestmollis.org', '01 52 09 08 66'),
(46, 'Andrews', 'Geoffrey', 'Ap #567-7689 Vivamus Street', 'est.Nunc@nonsapien.com', '04 07 92 92 41'),
(47, 'Cross', 'Grace', 'Ap #126-5094 Nec Rd.', 'mollis.lectus.pede@pede.co.uk', '04 60 05 86 54'),
(48, 'Cooke', 'Orlando', '500-261 Consequat Ave', 'a.tortor.Nunc@elementum.com', '04 25 13 21 75'),
(49, 'Sears', 'Maxwell', '8983 Arcu Avenue', 'Donec.felis.orci@arcuVivamussit.org', '05 71 07 86 64'),
(50, 'Rosa', 'MacKenzie', 'Ap #143-7828 Gravida. Rd.', 'nec.mollis.vitae@liberolacus.org', '04 72 72 37 02'),
(51, 'Carey', 'Hammett', 'P.O. Box 368, 2434 Eu Rd.', 'facilisis@parturientmontes.co.uk', '04 57 21 40 60'),
(52, 'Ortega', 'Shafira', 'P.O. Box 721, 4318 Enim. Rd.', 'tellus@tincidunt.net', '05 37 57 11 35'),
(53, 'Greene', 'Imogene', '879-4493 Convallis Rd.', 'sed@vitae.co.uk', '03 61 93 74 25'),
(54, 'Humphrey', 'Connor', '850-4178 Enim. Street', 'penatibus@duinec.ca', '07 08 11 17 73'),
(55, 'Ramos', 'Martha', 'Ap #115-7448 Nunc Street', 'lacus@lobortis.org', '02 66 06 98 22'),
(56, 'Wall', 'Wylie', 'Ap #227-6492 Lectus Avenue', 'nulla@aliquetProin.ca', '02 42 32 07 17'),
(57, 'Wilkins', 'Cassidy', '318-3137 Odio Av.', 'augue.eu@elit.com', '07 67 55 05 36'),
(58, 'Rodgers', 'Lance', '468 Suspendisse Street', 'porttitor.scelerisque@consequat.co.uk', '02 90 06 80 58'),
(59, 'Mccray', 'Dominic', 'P.O. Box 465, 8652 Turpis. Ave', 'faucibus@in.edu', '05 39 70 90 26'),
(60, 'Torres', 'Ronan', '3998 Etiam Road', 'congue@Sednunc.co.uk', '03 95 18 01 49'),
(61, 'Riley', 'Garrett', '238-8255 Curabitur Street', 'in.hendrerit@tellusnon.edu', '07 07 86 46 42'),
(62, 'Brown', 'Bradley', '2569 Lobortis Rd.', 'lacinia.vitae.sodales@seddolor.com', '08 35 19 26 23'),
(63, 'Hogan', 'Kai', 'P.O. Box 407, 3876 Aliquam Av.', 'in.hendrerit.consectetuer@sociisnatoque.ca', '03 61 67 73 84'),
(64, 'Cruz', 'Griffith', '2734 Nonummy Ave', 'fringilla@MorbimetusVivamus.org', '09 76 81 48 55'),
(65, 'Wall', 'Brody', '905-6070 Adipiscing Av.', 'eget.massa.Suspendisse@eratvolutpat.co.uk', '01 87 09 24 56'),
(66, 'Maldonado', 'Germane', 'P.O. Box 770, 249 Odio Ave', 'eget.lacus.Mauris@Curabitur.ca', '01 30 40 56 00'),
(67, 'Ellis', 'Ryan', '401-5201 Nisi Avenue', 'scelerisque.mollis.Phasellus@massarutrum.co.uk', '06 98 82 15 31'),
(68, 'Manning', 'Erica', 'P.O. Box 636, 2867 Feugiat St.', 'ante.iaculis@Duisdignissim.co.uk', '06 69 44 86 22'),
(69, 'Freeman', 'Helen', 'Ap #701-8120 Justo Avenue', 'luctus@antedictum.com', '04 66 99 99 33'),
(70, 'England', 'Leilani', '191-4664 Netus Road', 'mus.Proin.vel@enimnonnisi.com', '03 47 18 51 27'),
(71, 'Flowers', 'Sydney', '251-1842 Fermentum Ave', 'sed.est.Nunc@metuseuerat.ca', '07 39 40 50 28'),
(72, 'Kelly', 'Skyler', 'Ap #631-1419 At, Av.', 'ligula.tortor@vulputate.ca', '04 71 62 39 74'),
(73, 'Edwards', 'Gwendolyn', '670-1485 Condimentum Rd.', 'nunc@nequesedsem.net', '01 05 61 78 85'),
(74, 'Harris', 'Ina', '3203 Fermentum Av.', 'orci.luctus.et@nequevitaesemper.net', '04 40 49 78 36'),
(75, 'Bradshaw', 'Aiko', 'P.O. Box 262, 1854 Non Road', 'erat.volutpat.Nulla@tincidunttempus.org', '04 09 65 70 33'),
(76, 'Hendrix', 'Basia', '4176 Eget, St.', 'mauris@ac.com', '03 05 45 84 68'),
(77, 'House', 'Francesca', '8057 Elementum Av.', 'Cum@Donecfringilla.edu', '08 31 79 55 83'),
(78, 'Jackson', 'Ebony', 'P.O. Box 418, 7886 Cum Road', 'ipsum.cursus.vestibulum@Etiamligulatortor.ca', '03 38 31 48 56'),
(79, 'Le', 'Yvonne', '1862 Nullam Street', 'semper.et@lectus.co.uk', '06 77 92 97 89'),
(80, 'Herman', 'Elton', '1273 Ac Avenue', 'magna.sed@malesuada.net', '05 26 37 88 45'),
(81, 'Irwin', 'Shoshana', 'P.O. Box 528, 964 Duis Avenue', 'blandit.at.nisi@turpisIncondimentum.com', '09 59 35 24 52'),
(82, 'Sutton', 'Barrett', 'Ap #261-3363 Sed Rd.', 'egestas.Aliquam.fringilla@ut.net', '06 80 60 00 16'),
(83, 'Cook', 'Ivory', 'Ap #100-1588 Mi Av.', 'molestie.tellus@nequevenenatislacus.ca', '07 38 11 67 14'),
(84, 'George', 'Signe', 'P.O. Box 600, 5628 Non, Road', 'mauris.Integer.sem@dictumaugue.ca', '07 18 39 83 53'),
(85, 'Fulton', 'Zelenia', '210-8757 Eu Av.', 'sed.sapien.Nunc@lorem.com', '01 55 75 47 92'),
(86, 'Bell', 'Lillith', 'P.O. Box 872, 599 Consectetuer St.', 'egestas@bibendum.org', '03 67 33 93 18'),
(87, 'Shannon', 'Rhea', '2771 Vestibulum St.', 'non.dapibus.rutrum@Curabitur.co.uk', '04 20 06 13 26'),
(88, 'Santiago', 'Irma', '7173 Nulla. St.', 'luctus@faucibusorciluctus.ca', '03 77 96 75 85'),
(89, 'Rowe', 'Plato', '955-9562 Odio, Av.', 'nascetur.ridiculus@Nam.org', '05 30 44 07 49'),
(90, 'Strickland', 'Zephania', 'P.O. Box 581, 1151 Et, St.', 'lacus.Quisque@amagna.net', '03 80 64 10 56'),
(91, 'Huff', 'Ebony', '1205 Risus Rd.', 'morbi@ultricesVivamus.com', '03 58 04 64 90'),
(92, 'Mack', 'Jada', '352-8020 Sagittis. St.', 'augue.id.ante@consequatnec.net', '07 39 11 49 52'),
(93, 'Bowers', 'Channing', 'Ap #435-3201 Sem Avenue', 'eu@augueSedmolestie.edu', '03 83 88 46 59'),
(94, 'Savage', 'Anthony', 'Ap #582-649 Nunc Av.', 'arcu@scelerisque.co.uk', '01 84 84 06 31'),
(95, 'Lambert', 'Daryl', 'Ap #708-9932 Feugiat Avenue', 'libero@Maurisvelturpis.net', '04 32 20 89 56'),
(96, 'Pacheco', 'Eaton', '729-4634 Neque. St.', 'elit@sapien.org', '09 42 42 30 00'),
(97, 'Carey', 'Ella', '2513 Ultrices St.', 'molestie.in.tempus@lectusante.org', '02 14 66 24 79'),
(98, 'King', 'Keefe', '285-3308 Elit. Street', 'turpis@volutpatnuncsit.co.uk', '01 87 39 43 16'),
(99, 'Pacheco', 'Anjolie', '337-6590 Sed, St.', 'egestas.urna@Maurisnondui.com', '04 00 79 73 45'),
(100, 'Davis', 'Samuel', '441-636 Consectetuer, Road', 'dolor@suscipitestac.net', '09 76 99 30 64'),
(101, 'Keller', 'Isabelle', '4335 At, Av.', 'ultrices@In.co.uk', '04 77 13 69 69'),
(102, 'Hahn', 'Maxwell', '401-3846 Mollis. Rd.', 'bibendum.fermentum.metus@rutrum.edu', '02 19 87 22 56'),
(103, 'Allison', 'Baker', 'Ap #570-5559 Nonummy. Street', 'eu@aliquam.com', '02 16 62 21 14'),
(104, 'Warren', 'Brenda', 'Ap #760-3019 Ac Avenue', 'Donec.egestas@adipiscingMauris.co.uk', '06 70 17 49 24'),
(105, 'Merrill', 'Iliana', 'P.O. Box 381, 6054 Metus. Road', 'lacinia@sollicitudinadipiscingligula.org', '08 70 64 23 45'),
(106, 'Chaney', 'Deacon', '6020 Tellus. Av.', 'condimentum@SednequeSed.org', '09 17 46 28 04'),
(107, 'Fernandez', 'Paki', 'Ap #976-3093 Lacus Street', 'vitae.diam@mauris.org', '07 80 70 34 90'),
(108, 'Dodson', 'Molly', '759-2826 Amet, Ave', 'et.magnis@montesnascetur.ca', '09 60 26 96 34'),
(109, 'Mitchell', 'Slade', 'P.O. Box 502, 9860 Turpis Av.', 'risus.Nunc.ac@etnetuset.co.uk', '06 16 83 92 71'),
(110, 'Lynch', 'Wilma', 'P.O. Box 529, 9148 Et Road', 'Ut.sagittis@velitSed.net', '09 01 99 09 28'),
(111, 'Ingram', 'Yvette', '9220 Iaculis Av.', 'vulputate.risus.a@egestasrhoncusProin.co.uk', '08 20 15 83 58'),
(112, 'Anderson', 'David', '467 Ipsum. Av.', 'nibh.Aliquam.ornare@felispurus.org', '04 75 89 91 23'),
(113, 'Holland', 'Hall', '1119 Dolor. Road', 'arcu.Aliquam.ultrices@urnaNuncquis.co.uk', '09 75 09 47 19'),
(114, 'Meyer', 'Malcolm', '261-6597 Nisl. St.', 'quis@tinciduntnibh.ca', '03 53 77 95 00'),
(115, 'Reyes', 'Tanya', 'Ap #228-8944 Velit. Ave', 'semper@nonarcu.com', '09 63 76 00 33'),
(116, 'Long', 'Mohammad', 'P.O. Box 521, 4469 Risus. Road', 'elit.a@fringillaporttitor.org', '03 20 46 76 32'),
(117, 'Hood', 'Palmer', 'Ap #933-8152 Erat Rd.', 'Quisque@necante.net', '06 10 37 22 12'),
(118, 'Strong', 'Geraldine', 'Ap #482-3610 Tortor Street', 'eget.nisi@malesuadafames.net', '01 79 42 48 04'),
(119, 'Lyons', 'Zahir', '9638 Libero St.', 'felis.ullamcorper@lobortisauguescelerisque.edu', '07 27 53 67 20'),
(120, 'Scott', 'Armando', 'P.O. Box 315, 6231 Ullamcorper Av.', 'leo.in@malesuadavelconvallis.ca', '07 29 87 26 30'),
(121, 'Dupont', 'Nicolas', '9 allée des pommes', 'ndupont@gmail.com', '02 45 17 48 96'),
(122, 'Poirier', 'jerome', '9 rue du general', 'jrm@gmail.com', '03 22 44 78 10'),
(123, '', '', '', '', '');

-- --------------------------------------------------------

--
-- Structure de la table `employe`
--

CREATE TABLE `employe` (
  `matricule` varchar(255) NOT NULL,
  `login` varchar(255) DEFAULT NULL,
  `mdp` varchar(255) DEFAULT NULL,
  `nom` varchar(255) DEFAULT NULL,
  `prenom` varchar(255) DEFAULT NULL,
  `adresse` varchar(255) DEFAULT NULL,
  `mail` varchar(255) DEFAULT NULL,
  `tel` varchar(20) DEFAULT NULL
) ENGINE=InnoDB DEFAULT CHARSET=latin1;

--
-- Déchargement des données de la table `employe`
--

INSERT INTO `employe` (`matricule`, `login`, `mdp`, `nom`, `prenom`, `adresse`, `mail`, `tel`) VALUES
('\"38BE1DDD-A56E-93B1-F1AC-2D85E753D83B\"', '\"EMP41578i\"', '\"CTD26KOS9MW\"', '\"Beasley\"', '\"Kim\"', '\"P.O. Box 646, 6912 Vel St.\"', '\"primis@Cras.co.uk\"', '\"09 70 50 96 59\"'),
('\"8EB79C05-7675-BA1C-6EE0-C884D015A356\"', '\"EMP41602i\"', '\"LBB91BSE8ZZ\"', '\"Craig\"', '\"Charity\"', '\"P.O. Box 607, 8770 Pede. Street\"', '\"nulla.at.sem@Cras.ca\"', '\"03 62 64 08 83\"'),
('\"97825FFB-5243-EAE1-9184-F0F0EB7A55B8\"', '\"EMP41598i\"', '\"FZL71VIY8NQ\"', '\"Hodges\"', '\"Carlos\"', '\"P.O. Box 219, 5502 Lobortis. Rd.\"', '\"a@quisdiam.ca\"', '\"01 10 49 13 42\"'),
('\"B54A8142-24DB-C039-039C-14A13AFE2B1C\"', '\"EMP41582i\"', '\"EFH18MYF7HC\"', '\"Webb\"', '\"Chanda\"', '\"Ap #622-7008 Massa. Ave\"', '\"Proin.vel@PhasellusnullaInteger.com\"', '\"04 47 97 87 08\"'),
('\"F2486B95-620B-1132-A237-836DCF9F7509\"', '\"EMP41586i\"', '\"INC10TFT5JE\"', '\"Jefferson\"', '\"Nerea\"', '\"P.O. Box 591, 901 Gravida Ave\"', '\"vitae.nibh.Donec@aliquet.edu\"', '\"03 85 96 46 19\"'),
('\"F7C01166-D186-C6E1-F607-05751DD0E5BF\"', '\"EMP41590i\"', '\"MFG04QVS6DQ\"', '\"Harvey\"', '\"Damon\"', '\"835-5523 Donec St.\"', '\"Phasellus.dolor@pedePraesenteu.co.uk\"', '\"05 81 35 41 67\"'),
('0000', 'admin', 'admin', '\"admin\"', '\"admin\"', '\"admin\"', '\"admin\"', '\"admin\"'),
('08609DCF-5A14-1870-F81D-FB491773B400', 'EMP4', 'abcd', '\"Boyle\"', '\"Athena\"', '\"P.O. Box 601, 5845 Adipiscing Road\"', '\"nunc@Aenean.org\"', '\"08 54 41 76 75\"');

-- --------------------------------------------------------

--
-- Structure de la table `pdt_achete`
--

CREATE TABLE `pdt_achete` (
  `id_achat` int(11) NOT NULL,
  `Num_client` int(11) NOT NULL,
  `REFERENCE` int(11) NOT NULL,
  `date_achat` date DEFAULT NULL
) ENGINE=InnoDB DEFAULT CHARSET=latin1;

--
-- Déchargement des données de la table `pdt_achete`
--

INSERT INTO `pdt_achete` (`id_achat`, `Num_client`, `REFERENCE`, `date_achat`) VALUES
(1, 80, 1332, '2011-05-27'),
(2, 14, 976, '2005-12-25'),
(3, 111, 936, '2014-01-09'),
(4, 104, 636, '2012-09-18'),
(5, 115, 1502, '2014-05-03'),
(6, 111, 672, '2008-12-08'),
(7, 32, 1378, '2014-02-04'),
(8, 44, 1150, '2001-07-25'),
(9, 5, 152, '2018-04-07'),
(10, 116, 1177, '2020-05-16'),
(11, 101, 1115, '2002-01-01'),
(12, 72, 1555, '2012-04-23'),
(13, 57, 1174, '2014-02-02'),
(14, 101, 955, '2002-06-07'),
(15, 47, 1411, '2020-09-09'),
(16, 64, 1047, '2007-09-02'),
(17, 97, 843, '2003-10-24'),
(18, 64, 330, '2011-04-10'),
(19, 93, 444, '2007-08-06'),
(20, 28, 1128, '2008-09-04'),
(21, 66, 150, '2013-04-28'),
(22, 106, 809, '2006-12-23'),
(23, 1, 340, '2001-09-15'),
(24, 13, 1249, '2003-07-24'),
(25, 113, 241, '2010-12-14'),
(26, 108, 1419, '2018-11-11'),
(27, 29, 812, '2012-10-09'),
(28, 26, 1380, '2010-09-30'),
(29, 55, 750, '2003-08-28'),
(30, 85, 1005, '2012-12-19'),
(31, 62, 796, '2017-08-13'),
(32, 66, 1452, '2011-01-28'),
(33, 52, 170, '2018-07-17'),
(34, 80, 780, '2016-03-11'),
(35, 37, 322, '2016-01-27'),
(36, 107, 224, '2010-08-01'),
(37, 107, 915, '2013-12-09'),
(38, 101, 1258, '2006-03-31'),
(39, 75, 476, '2006-09-14'),
(40, 56, 1467, '2019-08-07'),
(41, 40, 69, '2009-01-24'),
(42, 111, 1542, '2004-06-19'),
(43, 13, 541, '2014-09-21'),
(44, 99, 1531, '2013-11-16'),
(45, 74, 985, '2002-09-08'),
(46, 36, 927, '2001-12-14'),
(47, 103, 134, '2003-04-26'),
(48, 109, 184, '2019-12-27'),
(49, 84, 508, '2013-03-28'),
(50, 3, 193, '2013-04-30'),
(51, 117, 1465, '2017-09-15'),
(52, 2, 526, '2012-03-23'),
(53, 102, 362, '2019-10-15'),
(54, 22, 863, '2001-11-25'),
(55, 69, 259, '2017-06-16'),
(56, 15, 1480, '2014-05-12'),
(57, 80, 231, '2012-08-31'),
(58, 57, 1046, '2021-05-10'),
(59, 112, 1125, '2008-06-12'),
(60, 54, 61, '2015-12-29'),
(61, 59, 459, '2005-05-24'),
(62, 97, 1038, '2015-01-19'),
(63, 57, 99, '2021-03-19'),
(64, 74, 1356, '2004-02-11'),
(65, 2, 204, '2018-11-25'),
(66, 108, 1157, '2009-08-29'),
(67, 109, 542, '2010-06-18'),
(68, 62, 1372, '2020-08-15'),
(69, 67, 1238, '2021-09-03'),
(70, 116, 132, '2009-08-20'),
(71, 50, 1475, '2007-06-06'),
(72, 95, 885, '2021-08-28'),
(73, 107, 1424, '2005-07-19'),
(74, 61, 261, '2010-10-20'),
(75, 42, 1271, '2021-06-19'),
(76, 90, 1195, '2019-11-13'),
(77, 100, 461, '2013-12-01'),
(78, 100, 627, '2007-11-20'),
(79, 25, 625, '2007-03-06'),
(80, 116, 292, '2005-01-17'),
(81, 65, 248, '2008-02-20'),
(82, 104, 789, '2005-07-20'),
(83, 34, 1206, '2014-11-02'),
(84, 41, 1208, '2002-01-23'),
(85, 54, 994, '2013-12-16'),
(86, 1, 1014, '2016-01-17'),
(87, 43, 259, '2002-06-03'),
(88, 55, 459, '2003-02-27'),
(89, 89, 752, '2004-02-05'),
(90, 68, 305, '2007-08-16'),
(91, 15, 18, '2011-08-06'),
(92, 118, 1353, '2013-03-02'),
(93, 81, 808, '2008-08-13'),
(94, 4, 115, '2018-04-04'),
(95, 40, 35, '2005-01-01'),
(96, 105, 1103, '2011-09-20'),
(97, 47, 920, '2002-05-03'),
(98, 117, 1455, '2008-10-31'),
(99, 109, 348, '2004-07-05'),
(100, 31, 1061, '2013-01-27'),
(101, 5, 1494, '2008-04-11'),
(102, 108, 462, '2017-09-04'),
(103, 85, 833, '2007-11-19'),
(104, 86, 87, '2015-11-27'),
(105, 31, 718, '2012-01-13'),
(106, 60, 707, '2017-07-01'),
(107, 9, 79, '2020-08-01'),
(108, 96, 1087, '2014-01-17'),
(109, 84, 893, '2002-01-30'),
(110, 104, 250, '2012-01-26'),
(111, 103, 983, '2010-01-07'),
(112, 47, 377, '2007-06-24'),
(113, 103, 1526, '2019-12-21'),
(114, 115, 777, '2007-04-02'),
(115, 13, 590, '2016-01-26'),
(116, 90, 702, '2006-05-25'),
(117, 81, 801, '2007-03-19'),
(118, 23, 1317, '2014-05-12'),
(119, 91, 719, '2010-04-04'),
(120, 100, 849, '2003-12-07'),
(121, 64, 148, '2007-03-05'),
(122, 4, 260, '2013-10-09'),
(123, 26, 807, '2017-04-02'),
(124, 65, 561, '2007-10-04'),
(125, 111, 1086, '2013-09-20'),
(126, 68, 1333, '2012-02-20'),
(127, 22, 1553, '2002-07-12'),
(128, 112, 1037, '2021-02-22'),
(129, 82, 145, '2007-11-13'),
(130, 48, 1205, '2020-08-13'),
(131, 46, 223, '2021-08-14'),
(132, 55, 198, '2010-06-05'),
(133, 94, 242, '2019-03-12'),
(134, 83, 190, '2009-12-19'),
(135, 68, 1057, '2019-03-08'),
(136, 30, 982, '2018-08-24'),
(137, 72, 901, '2004-06-19'),
(138, 102, 1542, '2001-05-11'),
(139, 29, 407, '2017-11-11'),
(140, 11, 21, '2009-05-01'),
(141, 73, 1468, '2010-08-18'),
(142, 101, 177, '2008-11-24'),
(143, 48, 610, '2016-11-11'),
(144, 111, 28, '2017-01-31'),
(145, 41, 113, '2009-12-18'),
(146, 78, 1168, '2007-11-30'),
(147, 98, 1146, '2007-08-07'),
(148, 97, 1546, '2014-03-17'),
(149, 21, 452, '2013-06-29'),
(150, 53, 130, '2010-03-26'),
(151, 6, 476, '2003-06-09'),
(152, 82, 482, '2020-02-05'),
(153, 38, 35, '2008-12-10'),
(154, 85, 183, '2001-04-15'),
(155, 80, 151, '2003-01-18'),
(156, 21, 686, '2010-01-23'),
(157, 54, 445, '2003-08-27'),
(158, 34, 366, '2002-08-12'),
(159, 48, 559, '2002-12-21'),
(160, 35, 128, '2020-08-26'),
(161, 6, 1571, '2015-03-27'),
(162, 6, 50, '2017-10-02'),
(163, 74, 668, '2016-08-27'),
(164, 36, 281, '2016-10-26'),
(165, 70, 332, '2010-01-27'),
(166, 117, 1363, '2001-11-10'),
(167, 97, 196, '2014-10-18'),
(168, 44, 577, '2018-05-23'),
(169, 64, 488, '2015-02-04'),
(170, 95, 899, '2021-03-09'),
(171, 20, 855, '2006-08-03'),
(172, 32, 1112, '2017-07-05'),
(173, 13, 724, '2006-04-05'),
(174, 94, 1276, '2002-10-25'),
(175, 5, 181, '2014-09-30'),
(176, 26, 402, '2016-12-21'),
(177, 77, 863, '2018-05-09'),
(178, 46, 1072, '2016-06-10'),
(179, 17, 255, '2007-09-19'),
(180, 91, 647, '2012-06-08'),
(181, 50, 183, '2006-10-26'),
(182, 82, 114, '2014-10-01'),
(183, 16, 915, '2020-06-28'),
(184, 108, 1457, '2009-11-14'),
(185, 67, 707, '2013-02-12'),
(186, 10, 1175, '2010-06-12'),
(187, 91, 1496, '2003-11-19'),
(188, 103, 1114, '2005-04-07'),
(189, 6, 521, '2015-01-03'),
(190, 91, 426, '2018-05-09'),
(191, 48, 447, '2011-01-09'),
(192, 18, 722, '2011-11-12'),
(193, 21, 1364, '2012-04-29'),
(194, 49, 1082, '2018-08-09'),
(195, 48, 236, '2007-10-25'),
(196, 20, 1, '2015-01-03'),
(197, 68, 474, '2004-02-21'),
(198, 26, 630, '2002-12-16'),
(199, 43, 315, '2018-10-16'),
(200, 9, 849, '2014-12-28'),
(201, 1, 543, '2016-11-20'),
(202, 109, 695, '2015-03-06'),
(203, 14, 537, '2011-06-29'),
(204, 13, 181, '2002-02-11'),
(205, 5, 495, '2016-04-29'),
(206, 115, 187, '2016-03-04'),
(207, 68, 1564, '2001-08-04'),
(208, 84, 651, '2016-01-06'),
(209, 31, 276, '2019-09-11'),
(210, 42, 889, '2002-03-26'),
(211, 56, 400, '2020-06-18'),
(212, 13, 683, '2003-05-21'),
(213, 66, 1503, '2002-10-04'),
(214, 67, 1551, '2018-08-17'),
(215, 10, 1150, '2010-07-05'),
(216, 27, 919, '2018-05-08'),
(217, 37, 288, '2010-06-22'),
(218, 46, 37, '2008-09-03'),
(219, 19, 266, '2013-05-12'),
(220, 112, 1511, '2021-06-15'),
(221, 2, 755, '2011-06-21'),
(222, 35, 340, '2016-01-14'),
(223, 80, 933, '2006-08-18'),
(224, 31, 92, '2002-04-30'),
(225, 45, 1463, '2012-03-23'),
(226, 69, 981, '2003-12-28'),
(227, 63, 937, '2005-06-21'),
(228, 108, 271, '2012-03-27'),
(229, 15, 197, '2014-01-21'),
(230, 2, 444, '2015-11-24'),
(231, 52, 1248, '2012-10-04'),
(232, 67, 1287, '2017-07-15'),
(233, 68, 1372, '2006-08-05'),
(234, 44, 738, '2015-01-26'),
(235, 106, 1384, '2015-11-28'),
(236, 61, 1414, '2015-04-09'),
(237, 106, 706, '2015-12-12'),
(238, 28, 274, '2014-09-19'),
(239, 13, 1303, '2021-10-23'),
(240, 11, 495, '2009-08-14'),
(241, 100, 1198, '2012-11-19'),
(242, 60, 1159, '2004-04-17'),
(243, 71, 204, '2008-12-19'),
(244, 113, 331, '2001-06-04'),
(245, 49, 1351, '2017-04-30'),
(246, 108, 758, '2019-04-26'),
(247, 47, 832, '2013-07-04'),
(248, 90, 852, '2016-09-14'),
(249, 81, 979, '2013-01-15'),
(250, 32, 110, '2006-03-09'),
(251, 107, 1001, '2004-08-16'),
(252, 48, 779, '2015-10-29'),
(253, 23, 311, '2002-10-15'),
(254, 7, 668, '2016-05-04'),
(255, 120, 1259, '2005-02-16'),
(256, 8, 762, '2014-09-03'),
(257, 7, 1162, '2005-10-07'),
(258, 91, 227, '2012-06-19'),
(259, 86, 665, '2001-07-24'),
(260, 71, 1105, '2007-12-07'),
(261, 89, 341, '2009-05-10'),
(262, 74, 1322, '2012-12-08'),
(263, 72, 504, '2017-05-06'),
(264, 90, 328, '2013-01-14'),
(265, 6, 954, '2020-07-06'),
(266, 86, 358, '2010-07-26'),
(267, 24, 436, '2010-11-17'),
(268, 70, 263, '2019-04-11'),
(269, 14, 1556, '2019-10-09'),
(270, 87, 46, '2021-08-18'),
(271, 35, 653, '2009-06-27'),
(272, 37, 27, '2016-01-13'),
(273, 100, 351, '2002-01-15'),
(274, 86, 207, '2013-08-06'),
(275, 34, 758, '2014-12-05'),
(276, 59, 684, '2009-02-02'),
(277, 66, 396, '2014-10-05'),
(278, 31, 982, '2008-10-26'),
(279, 17, 449, '2021-04-15'),
(280, 22, 1511, '2013-08-06'),
(281, 80, 521, '2018-05-08'),
(282, 65, 857, '2004-03-03'),
(283, 7, 501, '2008-03-11'),
(284, 38, 374, '2007-06-09'),
(285, 43, 1051, '2010-10-25'),
(286, 6, 554, '2015-01-30'),
(287, 68, 1239, '2010-05-27'),
(288, 88, 1459, '2012-07-15'),
(289, 58, 1357, '2017-04-13'),
(290, 106, 1144, '2012-05-11'),
(291, 24, 518, '2014-06-15'),
(292, 96, 1383, '2002-02-20'),
(293, 25, 328, '2008-08-26'),
(294, 103, 1148, '2012-01-24'),
(295, 79, 1133, '2016-10-07'),
(296, 12, 446, '2018-05-03'),
(297, 45, 34, '2009-06-26'),
(298, 8, 147, '2012-03-20'),
(299, 103, 1498, '2009-07-04'),
(300, 94, 846, '2007-12-17'),
(301, 85, 411, '2009-07-23'),
(302, 13, 889, '2019-07-06'),
(303, 85, 519, '2008-10-28'),
(304, 50, 1157, '2002-05-25'),
(305, 73, 1312, '2002-10-23'),
(306, 6, 1228, '2020-04-25'),
(307, 76, 1405, '2020-09-17'),
(308, 32, 1431, '2017-04-26'),
(309, 59, 245, '2017-11-25'),
(310, 55, 399, '2013-09-14'),
(311, 1, 560, '2011-08-30'),
(312, 84, 734, '2017-09-07'),
(313, 50, 489, '2017-07-10'),
(314, 20, 26, '2016-11-04'),
(315, 2, 818, '2004-09-16'),
(316, 56, 747, '2013-02-15'),
(317, 84, 302, '2008-06-28'),
(318, 14, 1354, '2010-11-28'),
(319, 52, 803, '2017-06-11'),
(320, 37, 307, '2003-11-02'),
(321, 96, 829, '2013-07-24'),
(322, 60, 951, '2007-10-26'),
(323, 19, 1066, '2003-08-28'),
(324, 31, 1027, '2007-04-17'),
(325, 98, 1480, '2010-02-07'),
(326, 23, 17, '2008-06-25'),
(327, 97, 1138, '2021-11-22'),
(328, 41, 776, '2001-12-08'),
(329, 4, 65, '2002-03-13'),
(330, 55, 1225, '2021-05-09'),
(331, 42, 421, '2020-10-23'),
(332, 62, 410, '2021-03-06'),
(333, 41, 1000, '2007-12-24'),
(334, 70, 26, '2010-05-11'),
(335, 110, 826, '2017-05-26'),
(336, 22, 757, '2002-05-11'),
(337, 99, 371, '2014-01-15'),
(338, 117, 1208, '2006-06-19'),
(339, 35, 1109, '2009-10-13'),
(340, 17, 1170, '2003-03-06'),
(341, 74, 1311, '2013-03-30'),
(342, 116, 217, '2019-01-12'),
(343, 36, 820, '2014-03-28'),
(344, 10, 184, '2009-12-16'),
(345, 75, 1506, '2004-04-26'),
(346, 49, 1500, '2012-09-24'),
(347, 20, 1573, '2008-04-25'),
(348, 8, 930, '2010-05-15'),
(349, 108, 1025, '2010-03-02'),
(350, 119, 534, '2012-03-19'),
(351, 70, 773, '2011-08-18'),
(352, 96, 1396, '2005-05-19'),
(353, 11, 263, '2010-12-12'),
(354, 6, 1573, '2006-01-26'),
(355, 65, 891, '2007-09-29'),
(356, 79, 340, '2016-08-10'),
(357, 49, 335, '2013-06-10'),
(358, 29, 43, '2002-01-26'),
(359, 5, 589, '2014-12-26'),
(360, 40, 809, '2021-08-29'),
(361, 89, 336, '2011-08-22'),
(362, 67, 1351, '2004-04-15'),
(363, 11, 1437, '2021-07-30'),
(364, 32, 258, '2020-11-17'),
(365, 16, 914, '2012-08-15'),
(366, 36, 550, '2008-04-09'),
(367, 96, 270, '2013-08-26'),
(368, 77, 173, '2011-03-09'),
(369, 8, 322, '2015-05-17'),
(370, 72, 1535, '2012-12-25'),
(371, 88, 133, '2001-10-22'),
(372, 112, 591, '2013-09-14'),
(373, 108, 738, '2007-08-13'),
(374, 74, 1031, '2018-09-28'),
(375, 62, 524, '2016-06-02'),
(376, 49, 4, '2004-08-30'),
(377, 78, 766, '2003-05-13'),
(378, 52, 387, '2009-10-26'),
(379, 49, 654, '2016-12-04'),
(380, 106, 940, '2011-05-28'),
(381, 96, 824, '2005-08-26'),
(382, 24, 14, '2010-01-23'),
(383, 79, 919, '2003-11-18'),
(384, 42, 567, '2007-11-05'),
(385, 98, 862, '2018-02-18'),
(386, 64, 423, '2010-06-08'),
(387, 109, 188, '2004-07-10'),
(388, 73, 304, '2003-07-10'),
(389, 79, 222, '2019-05-04'),
(390, 24, 434, '2009-05-01'),
(391, 55, 462, '2015-04-10'),
(392, 85, 394, '2003-02-13'),
(393, 54, 1185, '2010-05-31'),
(394, 120, 49, '2021-02-27'),
(395, 12, 67, '2002-10-13'),
(396, 5, 972, '2019-01-20'),
(397, 91, 618, '2020-06-14'),
(398, 112, 1099, '2009-03-20'),
(399, 106, 290, '2018-07-18'),
(400, 30, 382, '2003-09-28'),
(401, 81, 468, '2015-04-18'),
(402, 106, 894, '2006-08-23'),
(403, 80, 517, '2019-03-16'),
(404, 2, 596, '2005-02-02'),
(405, 27, 143, '2010-10-09'),
(406, 102, 1114, '2020-10-06'),
(407, 36, 247, '2014-07-22'),
(408, 104, 1383, '2009-02-10'),
(409, 109, 595, '2015-12-20'),
(410, 60, 1018, '2019-02-28'),
(411, 66, 890, '2021-03-21'),
(412, 24, 122, '2012-12-30'),
(413, 72, 1536, '2014-09-07'),
(414, 46, 1539, '2007-02-09'),
(415, 32, 554, '2017-05-19'),
(416, 51, 1417, '2018-01-02'),
(417, 86, 845, '2016-09-22'),
(418, 61, 1408, '2001-08-08'),
(419, 14, 749, '2016-06-10'),
(420, 50, 781, '2013-09-26'),
(421, 99, 1227, '2009-10-06'),
(422, 43, 800, '2004-04-16'),
(423, 5, 751, '2012-04-06'),
(424, 59, 1408, '2004-08-03'),
(425, 39, 674, '2013-08-31'),
(426, 49, 29, '2018-08-20'),
(427, 58, 637, '2021-02-12'),
(428, 14, 610, '2014-03-10'),
(429, 35, 734, '2010-08-08'),
(430, 30, 407, '2003-05-20'),
(431, 83, 392, '2008-10-21'),
(432, 40, 870, '2009-08-07'),
(433, 60, 349, '2003-01-24'),
(434, 72, 987, '2015-05-21'),
(435, 11, 761, '2021-05-06'),
(436, 50, 577, '2012-11-02'),
(437, 7, 492, '2013-10-27'),
(438, 27, 436, '2013-03-11'),
(439, 6, 1241, '2012-11-10'),
(440, 14, 883, '2014-03-02'),
(441, 7, 877, '2012-12-23'),
(442, 6, 273, '2015-10-05'),
(443, 30, 1432, '2018-02-22'),
(444, 112, 965, '2012-09-03'),
(445, 108, 727, '2020-01-27'),
(446, 79, 602, '2019-10-30'),
(447, 71, 1274, '2011-11-25'),
(448, 52, 1516, '2001-06-03'),
(449, 75, 292, '2015-05-15'),
(450, 79, 573, '2016-02-23'),
(451, 51, 621, '2020-10-23'),
(452, 45, 1121, '2011-06-21'),
(453, 34, 738, '2014-11-26'),
(454, 106, 985, '2005-09-02'),
(455, 27, 1410, '2012-05-29'),
(456, 9, 636, '2003-11-16'),
(457, 55, 972, '2011-01-02'),
(458, 93, 1087, '2007-03-01'),
(459, 108, 1065, '2007-02-26'),
(460, 43, 157, '2003-04-04'),
(461, 63, 108, '2007-11-19'),
(462, 14, 1082, '2011-01-12'),
(463, 76, 731, '2011-04-26'),
(464, 68, 933, '2003-10-11'),
(465, 53, 545, '2001-04-27'),
(466, 116, 867, '2005-08-06'),
(467, 102, 1500, '2016-07-30'),
(468, 94, 201, '2019-10-04'),
(469, 39, 173, '2007-01-14'),
(470, 26, 1054, '2019-04-10'),
(471, 100, 1353, '2013-06-24'),
(472, 69, 705, '2016-05-04'),
(473, 81, 646, '2019-02-13'),
(474, 42, 158, '2004-06-03'),
(475, 115, 863, '2016-12-30'),
(476, 106, 1270, '2001-03-04'),
(477, 102, 631, '2012-08-26'),
(478, 54, 803, '2010-09-16'),
(479, 99, 177, '2002-06-15'),
(480, 12, 1074, '2020-01-30'),
(481, 49, 1074, '2015-01-12'),
(482, 2, 899, '2019-02-04'),
(483, 61, 378, '2008-10-03'),
(484, 56, 589, '2014-05-01'),
(485, 72, 411, '2008-02-14'),
(486, 104, 1554, '2004-01-26'),
(487, 1, 1225, '2013-07-31'),
(488, 48, 1150, '2011-06-13'),
(489, 86, 906, '2008-04-02'),
(490, 11, 739, '2007-12-24'),
(491, 63, 779, '2006-09-19'),
(492, 43, 637, '2006-08-07'),
(493, 9, 926, '2003-04-24'),
(494, 87, 339, '2021-04-26'),
(495, 110, 80, '2020-04-10'),
(496, 96, 160, '2004-11-07'),
(497, 15, 1355, '2012-10-23'),
(498, 107, 121, '2008-10-27'),
(499, 45, 1157, '2008-12-21'),
(500, 113, 283, '2008-05-30'),
(501, 7, 11, '2021-11-17'),
(502, 121, 1047, '2021-11-17'),
(503, 1, 1, '2021-11-18'),
(504, 122, 802, '2021-11-22'),
(505, 6, 4, '2021-11-22'),
(506, 4, 4, '2021-11-22'),
(507, 4, 4, '2021-11-22'),
(508, 5, 7, '2021-11-22'),
(509, 20, 9, '2021-11-23'),
(510, 11, 852, '2021-11-23'),
(511, 121, 1112, '2021-11-23'),
(512, 15, 16, '2021-11-23'),
(513, 35, 1491, '2021-11-23'),
(514, 121, 911, '2021-11-23');

-- --------------------------------------------------------

--
-- Structure de la table `produit`
--

CREATE TABLE `produit` (
  `reference` int(11) NOT NULL,
  `marque` varchar(255) DEFAULT NULL,
  `nom` varchar(255) DEFAULT NULL,
  `prix` double DEFAULT NULL,
  `stock` int(11) DEFAULT NULL,
  `pdt_type` int(11) DEFAULT NULL
) ENGINE=InnoDB DEFAULT CHARSET=latin1;

--
-- Déchargement des données de la table `produit`
--

INSERT INTO `produit` (`reference`, `marque`, `nom`, `prix`, `stock`, `pdt_type`) VALUES
(1, 'AIWAYS', 'U5', 24262, 4, 5),
(2, 'ALEKO', '2141', 12498, 17, 4),
(3, 'ALFA ROMEO', '1300', 25403, 7, 2),
(4, 'ALFA ROMEO', '1600', 22408, 3, 4),
(5, 'ALFA ROMEO', '164', 17167, 8, 1),
(6, 'ALFA ROMEO', '1750', 10621, 7, 2),
(7, 'ALFA ROMEO', '2000', 37370, 0, 3),
(8, 'ALFA ROMEO', '4C', 15608, 11, 4),
(9, 'ALFA ROMEO', 'ALFA 145', 24055, 14, 5),
(10, 'ALFA ROMEO', 'ALFA 146', 24818, 15, 4),
(11, 'ALFA ROMEO', 'ALFA 147', 30924, 8, 3),
(12, 'ALFA ROMEO', 'ALFA 155', 35756, 15, 1),
(13, 'ALFA ROMEO', 'ALFA 156', 32428, 19, 3),
(14, 'ALFA ROMEO', 'ALFA 159', 20604, 8, 5),
(15, 'ALFA ROMEO', 'ALFA 159 SW', 39776, 20, 5),
(16, 'ALFA ROMEO', 'ALFA 166', 28762, 15, 5),
(17, 'ALFA ROMEO', 'ALFA 33', 28368, 12, 1),
(18, 'ALFA ROMEO', 'ALFA 6', 37459, 1, 3),
(19, 'ALFA ROMEO', 'ALFA 75', 21739, 10, 3),
(20, 'ALFA ROMEO', 'ALFA 90', 30923, 7, 6),
(21, 'ALFA ROMEO', 'ALFA GT', 39824, 11, 3),
(22, 'ALFA ROMEO', 'ALFA GTV', 31210, 17, 5),
(23, 'ALFA ROMEO', 'ALFA-SUD', 22857, 4, 5),
(24, 'ALFA ROMEO', 'ALFETTA', 20079, 15, 3),
(25, 'ALFA ROMEO', 'BRERA', 17214, 15, 1),
(26, 'ALFA ROMEO', 'CROSSWAGON', 12413, 4, 4),
(27, 'ALFA ROMEO', 'GIULIA', 31295, 2, 2),
(28, 'ALFA ROMEO', 'GIULIETTA', 31360, 18, 6),
(29, 'ALFA ROMEO', 'MITO', 15920, 7, 1),
(30, 'ALFA ROMEO', 'RZ', 38221, 5, 4),
(31, 'ALFA ROMEO', 'SPIDER', 8330, 22, 1),
(32, 'ALFA ROMEO', 'SPORTWAGON', 26542, 9, 5),
(33, 'ALFA ROMEO', 'SPRINT', 17873, 11, 1),
(34, 'ALFA ROMEO', 'STELVIO', 10785, 18, 3),
(35, 'ALFA ROMEO', 'SZ', 26643, 15, 1),
(36, 'ALPINE RENAULT', 'A110', 22447, 1, 4),
(37, 'ALPINE RENAULT', 'A110 II', 75042, 20, 6),
(38, 'ALPINE RENAULT', 'A310', 32011, 18, 5),
(39, 'ALPINE RENAULT', 'A610', 39255, 9, 6),
(40, 'ALPINE RENAULT', 'LE MANS', 46599, 15, 4),
(41, 'ALPINE RENAULT', 'V6', 63418, 9, 1),
(42, 'ARO', '4X4', 77811, 1, 5),
(43, 'ARO', 'SPARTANA', 69839, 3, 2),
(44, 'ASIA', 'ROCSTA', 69962, 1, 1),
(45, 'ASTON MARTIN', 'CYGNET', 49749, 10, 4),
(46, 'AUDI', '100', 46738, 8, 3),
(47, 'AUDI', '200', 28156, 12, 2),
(48, 'AUDI', '50', 77787, 3, 4),
(49, 'AUDI', '60', 25705, 1, 1),
(50, 'AUDI', '70', 26792, 20, 6),
(51, 'AUDI', '75', 63943, 5, 2),
(52, 'AUDI', '80', 70923, 7, 2),
(53, 'AUDI', '90', 25143, 1, 2),
(54, 'AUDI', 'A1', 41644, 4, 1),
(55, 'AUDI', 'A1 II', 48161, 8, 1),
(56, 'AUDI', 'A2', 46886, 9, 2),
(57, 'AUDI', 'A3', 51328, 9, 4),
(58, 'AUDI', 'A3 *', 35463, 0, 4),
(59, 'AUDI', 'A3 IV', 50582, 16, 6),
(60, 'AUDI', 'A3 SPORTBACK', 18715, 13, 6),
(61, 'AUDI', 'A4', 46075, 8, 5),
(62, 'AUDI', 'A4 III - IV', 39425, 15, 6),
(63, 'AUDI', 'A4 V', 35880, 3, 5),
(64, 'AUDI', 'A5', 26125, 19, 2),
(65, 'AUDI', 'A5 SPORTBACK', 48352, 3, 4),
(66, 'AUDI', 'A6', 24705, 8, 2),
(67, 'AUDI', 'A6 III', 64600, 5, 2),
(68, 'AUDI', 'A6 IV', 56517, 9, 3),
(69, 'AUDI', 'A6 V', 73563, 9, 3),
(70, 'AUDI', 'A7', 78334, 0, 3),
(71, 'AUDI', 'A8', 48107, 20, 1),
(72, 'AUDI', 'ALLROAD', 22857, 0, 6),
(73, 'AUDI', 'CABRIOLET', 63345, 7, 2),
(74, 'AUDI', 'COUPE', 77004, 7, 2),
(75, 'AUDI', 'E-TRON', 49659, 13, 1),
(76, 'AUDI', 'E-TRON GT', 37281, 15, 5),
(77, 'AUDI', 'GT', 50086, 19, 6),
(78, 'AUDI', 'Q2', 37757, 6, 5),
(79, 'AUDI', 'Q3', 67320, 1, 1),
(80, 'AUDI', 'Q3 II', 73463, 14, 4),
(81, 'AUDI', 'Q4 E-TRON', 70494, 16, 4),
(82, 'AUDI', 'Q5', 53213, 0, 5),
(83, 'AUDI', 'Q7', 49097, 18, 4),
(84, 'AUDI', 'Q8', 49925, 18, 2),
(85, 'AUDI', 'QUATTRO', 39510, 2, 4),
(86, 'AUDI', 'R8', 42244, 18, 5),
(87, 'AUDI', 'RO 80', 67774, 17, 3),
(88, 'AUDI', 'RS3', 24295, 12, 5),
(89, 'AUDI', 'RS4', 33468, 7, 1),
(90, 'AUDI', 'RS5', 68071, 10, 5),
(91, 'AUDI', 'RS6', 77900, 20, 3),
(92, 'AUDI', 'RS7', 23269, 13, 5),
(93, 'AUDI', 'S1', 26084, 3, 2),
(94, 'AUDI', 'S3', 19499, 16, 4),
(95, 'AUDI', 'S3 IV', 43113, 7, 6),
(96, 'AUDI', 'S3 SPORTBACK', 66973, 14, 2),
(97, 'AUDI', 'S4', 14792, 2, 4),
(98, 'AUDI', 'S5', 20529, 4, 1),
(99, 'AUDI', 'S6', 49652, 11, 1),
(100, 'AUDI', 'S6 V', 32692, 9, 5),
(101, 'AUDI', 'S7', 17255, 23, 3),
(102, 'AUDI', 'S7 II', 61882, 16, 2),
(103, 'AUDI', 'S8', 45606, 13, 4),
(104, 'AUDI', 'TT', 76934, 10, 3),
(105, 'AUDI', 'V8', 78681, 14, 3),
(106, 'AUSTIN', '850', 18792, 16, 4),
(107, 'AUSTIN', 'ALLEGRO', 69242, 4, 6),
(108, 'AUSTIN', 'JEEP', 46528, 7, 3),
(109, 'AUSTIN', 'MAESTRO', 30819, 5, 5),
(110, 'AUSTIN', 'METRO', 54203, 15, 1),
(111, 'AUSTIN', 'MINI', 78108, 14, 3),
(112, 'AUSTIN', 'MONTEGO', 45885, 10, 4),
(113, 'AUSTIN', 'MORRISITAL', 31819, 5, 2),
(114, 'AUSTIN', 'PRINCESS', 35468, 16, 4),
(115, 'AUSTIN', 'SHERPA', 42811, 18, 2),
(116, 'AUTOBIANCHI', '500', 35612, 18, 1),
(117, 'AUTOBIANCHI', 'A111', 76474, 2, 6),
(118, 'AUTOBIANCHI', 'A112', 24875, 6, 5),
(119, 'AUTOBIANCHI', 'PRIMULA', 35505, 7, 2),
(120, 'AUTOBIANCHI', 'Y10', 59763, 5, 1),
(121, 'AUVERLAND', 'A3', 15362, 0, 1),
(122, 'BEDFORD', 'CF', 42430, 15, 4),
(123, 'BEDFORD', 'MIDI', 62938, 7, 1),
(124, 'BEE BEE AUTOMOTIVE', 'BEE BEE XS', 37862, 13, 6),
(125, 'BENTLEY', 'ARNAGE', 16245, 12, 3),
(126, 'BENTLEY', 'AZURE T', 62590, 5, 4),
(127, 'BENTLEY', 'BROOKLANDS', 45546, 16, 1),
(128, 'BENTLEY', 'CONTINENTAL FLYING SPUR', 74072, 15, 2),
(129, 'BENTLEY', 'CONTINENTAL GT', 41332, 12, 1),
(130, 'BENTLEY', 'MULSANNE', 27412, 15, 4),
(131, 'BERTONE', '4X4', 78558, 13, 4),
(132, 'BMW', '1502', 24963, 3, 2),
(133, 'BMW', '1600', 28558, 6, 6),
(134, 'BMW', '1602', 34668, 13, 6),
(135, 'BMW', '1800', 65325, 8, 1),
(136, 'BMW', '1802', 69998, 18, 1),
(137, 'BMW', '2000', 70480, 15, 4),
(138, 'BMW', '2002', 19755, 3, 4),
(139, 'BMW', '2500', 68922, 1, 3),
(140, 'BMW', '3', 44973, 5, 6),
(141, 'BMW', '3,3', 52362, 7, 2),
(142, 'BMW', '315', 25362, 9, 2),
(143, 'BMW', '316', 61466, 4, 6),
(144, 'BMW', '318', 65088, 10, 3),
(145, 'BMW', '320', 71801, 6, 5),
(146, 'BMW', '323', 21200, 8, 1),
(147, 'BMW', '324', 63676, 6, 3),
(148, 'BMW', '325', 61749, 1, 4),
(149, 'BMW', '328', 79256, 0, 2),
(150, 'BMW', '330', 68488, 19, 3),
(151, 'BMW', '518', 75634, 14, 5),
(152, 'BMW', '520', 23788, 15, 1),
(153, 'BMW', '523', 34518, 1, 1),
(154, 'BMW', '524', 60844, 3, 2),
(155, 'BMW', '525', 63993, 14, 4),
(156, 'BMW', '528', 16530, 1, 3),
(157, 'BMW', '530', 58178, 15, 5),
(158, 'BMW', '535', 41235, 7, 6),
(159, 'BMW', '540', 52688, 2, 5),
(160, 'BMW', '545', 57918, 12, 6),
(161, 'BMW', '550', 57895, 11, 4),
(162, 'BMW', '628', 71310, 8, 4),
(163, 'BMW', '630', 54018, 6, 2),
(164, 'BMW', '633', 25041, 19, 1),
(165, 'BMW', '635', 25190, 5, 6),
(166, 'BMW', '645', 26341, 14, 2),
(167, 'BMW', '650', 75337, 19, 1),
(168, 'BMW', '725', 21620, 7, 2),
(169, 'BMW', '728', 58492, 16, 4),
(170, 'BMW', '730', 39978, 18, 6),
(171, 'BMW', '732', 26350, 16, 3),
(172, 'BMW', '733', 23073, 11, 1),
(173, 'BMW', '735', 24455, 10, 1),
(174, 'BMW', '740', 18893, 20, 3),
(175, 'BMW', '745', 35544, 15, 2),
(176, 'BMW', '750', 78771, 20, 3),
(177, 'BMW', '760', 21594, 10, 5),
(178, 'BMW', '840', 29692, 11, 6),
(179, 'BMW', '850', 56677, 10, 4),
(180, 'BMW', 'I3', 58251, 5, 1),
(181, 'BMW', 'I8', 50029, 10, 5),
(182, 'BMW', 'IX', 43633, 17, 2),
(183, 'BMW', 'L7', 33256, 0, 1),
(184, 'BMW', 'M2', 69457, 14, 2),
(185, 'BMW', 'M3', 67605, 16, 3),
(186, 'BMW', 'M4', 56183, 3, 5),
(187, 'BMW', 'M5', 23046, 7, 2),
(188, 'BMW', 'M535', 44738, 1, 2),
(189, 'BMW', 'M6', 68173, 14, 6),
(190, 'BMW', 'M635', 61641, 10, 4),
(191, 'BMW', 'M8', 15335, 1, 4),
(192, 'BMW', 'SERIE 1', 28807, 5, 6),
(193, 'BMW', 'SERIE 1 II', 32791, 3, 3),
(194, 'BMW', 'SERIE 1 III', 45635, 18, 2),
(195, 'BMW', 'SERIE 2', 69330, 0, 1),
(196, 'BMW', 'SERIE 2 II', 76770, 7, 6),
(197, 'BMW', 'SERIE 3', 73484, 2, 5),
(198, 'BMW', 'SERIE 3 (SUITE)', 28264, 6, 2),
(199, 'BMW', 'SERIE 3 VI', 46092, 4, 5),
(200, 'BMW', 'SERIE 3 VII', 37346, 3, 5),
(201, 'BMW', 'SERIE 4', 31068, 14, 2),
(202, 'BMW', 'SERIE 4 II', 43806, 9, 3),
(203, 'BMW', 'SERIE 5', 64250, 3, 4),
(204, 'BMW', 'SERIE 6', 72994, 20, 3),
(205, 'BMW', 'SERIE 7', 16029, 4, 1),
(206, 'BMW', 'SERIE 8', 23107, 8, 3),
(207, 'BMW', 'X1', 25191, 14, 2),
(208, 'BMW', 'X2', 15490, 5, 4),
(209, 'BMW', 'X3', 48981, 4, 4),
(210, 'BMW', 'X4', 77712, 0, 1),
(211, 'BMW', 'X4 II', 46452, 15, 5),
(212, 'BMW', 'X5', 27392, 18, 5),
(213, 'BMW', 'X5 IV', 14563, 11, 2),
(214, 'BMW', 'X6', 27813, 20, 4),
(215, 'BMW', 'X6 III', 56777, 7, 1),
(216, 'BMW', 'X7', 69317, 14, 1),
(217, 'BMW', 'Z1', 63465, 20, 6),
(218, 'BMW', 'Z3', 69782, 20, 1),
(219, 'BMW', 'Z4', 30348, 9, 3),
(220, 'BMW', 'Z8', 62010, 18, 6),
(221, 'BUICK', 'PARKAVENUE', 59816, 6, 3),
(222, 'CADILLAC', 'CTS', 56480, 2, 5),
(223, 'CADILLAC', 'ELDORADO', 25908, 20, 4),
(224, 'CADILLAC', 'ESCALADE', 45776, 19, 2),
(225, 'CADILLAC', 'SEVILLE', 27649, 1, 6),
(226, 'CHEVROLET', 'ALERO', 79457, 3, 6),
(227, 'CHEVROLET', 'AVEO', 79351, 14, 5),
(228, 'CHEVROLET', 'BERETTA', 16752, 20, 3),
(229, 'CHEVROLET', 'BLAZER', 64083, 15, 3),
(230, 'CHEVROLET', 'CAMARO', 29494, 20, 2),
(231, 'CHEVROLET', 'CAPTIVA', 58865, 11, 5),
(232, 'CHEVROLET', 'CORSICA', 73810, 14, 2),
(233, 'CHEVROLET', 'CORVETTE', 19333, 12, 4),
(234, 'CHEVROLET', 'CRUZE', 76423, 11, 2),
(235, 'CHEVROLET', 'EPICA', 18822, 16, 5),
(236, 'CHEVROLET', 'EVANDA', 58230, 12, 4),
(237, 'CHEVROLET', 'KALOS', 17967, 5, 6),
(238, 'CHEVROLET', 'LACETTI', 74985, 13, 1),
(239, 'CHEVROLET', 'MALIBU', 26813, 0, 2),
(240, 'CHEVROLET', 'MATIZ', 61806, 18, 6),
(241, 'CHEVROLET', 'NUBIRA', 70442, 20, 5),
(242, 'CHEVROLET', 'ORLANDO', 27278, 10, 4),
(243, 'CHEVROLET', 'REZZO', 66561, 16, 6),
(244, 'CHEVROLET', 'SPARK', 43558, 0, 3),
(245, 'CHEVROLET', 'TRANS SPORT', 48124, 3, 1),
(246, 'CHEVROLET', 'TRAX', 22014, 10, 1),
(247, 'CHEVROLET', 'VOLT', 22362, 18, 6),
(248, 'CHRYSLER', '300C', 49048, 7, 3),
(249, 'CHRYSLER', '300M', 76750, 8, 5),
(250, 'CHRYSLER', 'CROSSFIRE', 33068, 3, 1),
(251, 'CHRYSLER', 'ES', 20783, 15, 3),
(252, 'CHRYSLER', 'GRAND VOYAGER', 35771, 0, 5),
(253, 'CHRYSLER', 'LE BARON', 18871, 13, 6),
(254, 'CHRYSLER', 'NEON', 17190, 14, 2),
(255, 'CHRYSLER', 'NEW YORKER', 37312, 20, 4),
(256, 'CHRYSLER', 'PT CRUISER', 45289, 0, 1),
(257, 'CHRYSLER', 'SARATOGA', 23207, 9, 3),
(258, 'CHRYSLER', 'SEBRING', 77466, 10, 5),
(259, 'CHRYSLER', 'STRATUS', 15110, 3, 5),
(260, 'CHRYSLER', 'VIPER', 66112, 9, 2),
(261, 'CHRYSLER', 'VISION', 66902, 17, 5),
(262, 'CHRYSLER', 'VOYAGER', 45565, 5, 1),
(263, 'CITROEN', '2 CV', 24557, 22, 1),
(264, 'CITROEN', 'ACADIANE', 18092, 3, 6),
(265, 'CITROEN', 'AK', 22793, 4, 6),
(266, 'CITROEN', 'AMI', 19086, 18, 1),
(267, 'CITROEN', 'AX', 36149, 16, 4),
(268, 'CITROEN', 'AXEL', 27100, 20, 5),
(269, 'CITROEN', 'AZU', 31413, 8, 5),
(270, 'CITROEN', 'BERLINGO', 21195, 15, 1),
(271, 'CITROEN', 'BERLINGO II', 30291, 3, 4),
(272, 'CITROEN', 'BERLINGO III', 18371, 13, 2),
(273, 'CITROEN', 'BX', 16998, 16, 4),
(274, 'CITROEN', 'C-CROSSER', 35962, 14, 5),
(275, 'CITROEN', 'C-ELYSEE', 30971, 11, 2),
(276, 'CITROEN', 'C-ZERO', 20453, 1, 4),
(277, 'CITROEN', 'C1', 27763, 6, 4),
(278, 'CITROEN', 'C15', 28167, 19, 3),
(279, 'CITROEN', 'C2', 12321, 0, 1),
(280, 'CITROEN', 'C25', 21783, 18, 1),
(281, 'CITROEN', 'C25 COMBI', 39684, 9, 5),
(282, 'CITROEN', 'C3', 39340, 3, 3),
(283, 'CITROEN', 'C3 AIRCROSS', 23540, 20, 5),
(284, 'CITROEN', 'C3 II', 35381, 20, 3),
(285, 'CITROEN', 'C3 III', 12968, 4, 2),
(286, 'CITROEN', 'C3 PICASSO', 39313, 20, 5),
(287, 'CITROEN', 'C3 PLURIEL', 19969, 18, 1),
(288, 'CITROEN', 'C35', 30019, 4, 1),
(289, 'CITROEN', 'C4', 33252, 15, 4),
(290, 'CITROEN', 'C4 AIRCROSS', 33524, 3, 6),
(291, 'CITROEN', 'C4 CACTUS', 37366, 20, 2),
(292, 'CITROEN', 'C4 II', 39019, 0, 4),
(293, 'CITROEN', 'C4 III', 30727, 9, 5),
(294, 'CITROEN', 'C4 PICASSO', 34229, 17, 1),
(295, 'CITROEN', 'C4 PICASSO II', 9149, 10, 3),
(296, 'CITROEN', 'C4 SPACETOURER', 8245, 15, 4),
(297, 'CITROEN', 'C5', 19167, 0, 2),
(298, 'CITROEN', 'C5 AIRCROSS', 17218, 16, 2),
(299, 'CITROEN', 'C5 II', 11881, 5, 1),
(300, 'CITROEN', 'C5 II TOURER', 17689, 8, 4),
(301, 'CITROEN', 'C5 X', 9859, 2, 3),
(302, 'CITROEN', 'C6', 16551, 3, 3),
(303, 'CITROEN', 'C8', 11077, 6, 2),
(304, 'CITROEN', 'CX', 26569, 16, 5),
(305, 'CITROEN', 'CX SERIE2', 19874, 9, 2),
(306, 'CITROEN', 'D', 33505, 14, 4),
(307, 'CITROEN', 'DANGEL C15', 31604, 11, 6),
(308, 'CITROEN', 'DANGEL C25', 32966, 15, 6),
(309, 'CITROEN', 'DS', 14193, 2, 1),
(310, 'CITROEN', 'DS3', 20620, 18, 1),
(311, 'CITROEN', 'DS4', 21775, 6, 6),
(312, 'CITROEN', 'DS5', 10615, 8, 3),
(313, 'CITROEN', 'DYANE', 18373, 12, 4),
(314, 'CITROEN', 'EVASION', 33623, 3, 2),
(315, 'CITROEN', 'GS', 35425, 17, 3),
(316, 'CITROEN', 'GSA', 35090, 13, 1),
(317, 'CITROEN', 'HY', 13369, 12, 1),
(318, 'CITROEN', 'ID', 10597, 18, 5),
(319, 'CITROEN', 'JUMPER', 35477, 13, 2),
(320, 'CITROEN', 'JUMPY', 15420, 5, 3),
(321, 'CITROEN', 'KATAR', 37067, 14, 2),
(322, 'CITROEN', 'LN', 32778, 13, 6),
(323, 'CITROEN', 'LNA', 35758, 15, 5),
(324, 'CITROEN', 'MEHARI', 12736, 0, 4),
(325, 'CITROEN', 'NEMO', 25075, 0, 2),
(326, 'CITROEN', 'SAXO', 13857, 18, 5),
(327, 'CITROEN', 'SM', 33476, 8, 4),
(328, 'CITROEN', 'SPACETOURER', 12349, 1, 2),
(329, 'CITROEN', 'TANGARA', 11469, 1, 5),
(330, 'CITROEN', 'TRACTION', 34798, 5, 4),
(331, 'CITROEN', 'VISA', 19115, 6, 6),
(332, 'CITROEN', 'XANTIA', 33139, 3, 3),
(333, 'CITROEN', 'XM', 24525, 13, 6),
(334, 'CITROEN', 'XSARA', 22583, 18, 6),
(335, 'CITROEN', 'XSARA PICASSO', 16024, 11, 6),
(336, 'CITROEN', 'ZX', 32304, 14, 4),
(337, 'COURB', 'C-ZEN', 35767, 9, 4),
(338, 'CUPRA', 'ATECA', 18210, 8, 1),
(339, 'CUPRA', 'FORMENTOR', 16655, 14, 6),
(340, 'CUPRA', 'LEON', 9840, 15, 4),
(341, 'DACIA', 'DOKKER', 30374, 13, 6),
(342, 'DACIA', 'DUSTER', 11340, 13, 1),
(343, 'DACIA', 'LODGY', 33887, 1, 5),
(344, 'DACIA', 'LOGAN', 16148, 4, 3),
(345, 'DACIA', 'SANDERO', 9756, 14, 1),
(346, 'DACIA', 'SANDERO III', 26856, 3, 4),
(347, 'DACIA', 'SPRING', 10807, 20, 1),
(348, 'DAEWOO', 'ESPERO', 39057, 16, 4),
(349, 'DAEWOO', 'EVANDA', 9497, 4, 5),
(350, 'DAEWOO', 'KALOS', 38542, 14, 4),
(351, 'DAEWOO', 'KORANDO', 19628, 14, 2),
(352, 'DAEWOO', 'LACETTI', 21984, 2, 3),
(353, 'DAEWOO', 'LANOS', 17168, 2, 3),
(354, 'DAEWOO', 'LEGANZA', 14593, 16, 2),
(355, 'DAEWOO', 'MATIZ', 19342, 1, 3),
(356, 'DAEWOO', 'MUSSO', 14213, 1, 1),
(357, 'DAEWOO', 'NEXIA', 33328, 13, 6),
(358, 'DAEWOO', 'NUBIRA', 17005, 15, 2),
(359, 'DAEWOO', 'REXTON', 26465, 17, 1),
(360, 'DAEWOO', 'REZZO', 22779, 4, 5),
(361, 'DAF', '33', 32916, 14, 6),
(362, 'DAF', '400', 24485, 21, 3),
(363, 'DAF', '44', 30200, 1, 1),
(364, 'DAF', '46', 13900, 12, 5),
(365, 'DAF', '55', 31313, 17, 5),
(366, 'DAF', '66', 16194, 6, 2),
(367, 'DAF', 'VA400', 29981, 12, 4),
(368, 'DAF', 'VH400', 28480, 15, 6),
(369, 'DAIHATSU', 'APPLAUSE', 36466, 5, 1),
(370, 'DAIHATSU', 'CHARADE', 11016, 17, 3),
(371, 'DAIHATSU', 'COPEN', 33388, 12, 6),
(372, 'DAIHATSU', 'CUORE', 26787, 20, 5),
(373, 'DAIHATSU', 'DOMINO', 25267, 17, 6),
(374, 'DAIHATSU', 'FEROZA', 29520, 8, 4),
(375, 'DAIHATSU', 'GRAN MOVE', 30102, 18, 6),
(376, 'DAIHATSU', 'HIJET', 10165, 18, 6),
(377, 'DAIHATSU', 'MATERIA', 25678, 11, 2),
(378, 'DAIHATSU', 'MOVE', 10280, 0, 2),
(379, 'DAIHATSU', 'ROCKY', 32008, 5, 4),
(380, 'DAIHATSU', 'SIRION', 35950, 18, 4),
(381, 'DAIHATSU', 'TERIOS', 13193, 4, 4),
(382, 'DAIHATSU', 'TREVIS', 27933, 3, 6),
(383, 'DAIHATSU', 'YRV', 36905, 0, 2),
(384, 'DAIMLER', 'DAIMLER', 16865, 16, 5),
(385, 'DATSUN', '100', 29268, 19, 6),
(386, 'DATSUN', '120', 10085, 10, 2),
(387, 'DATSUN', '1600', 31389, 15, 3),
(388, 'DATSUN', '180', 39976, 6, 6),
(389, 'DATSUN', '200', 27163, 20, 6),
(390, 'DATSUN', '220', 16802, 14, 6),
(391, 'DATSUN', '260', 11848, 7, 5),
(392, 'DATSUN', '280', 12136, 6, 5),
(393, 'DATSUN', 'BLUEBIRD', 10293, 2, 4),
(394, 'DATSUN', 'CEDRIC', 27119, 20, 1),
(395, 'DATSUN', 'CHERRY', 34264, 4, 1),
(396, 'DATSUN', 'KING-CAB', 12574, 7, 5),
(397, 'DATSUN', 'LAUREL', 23619, 20, 2),
(398, 'DATSUN', 'PATROL', 39496, 8, 5),
(399, 'DATSUN', 'PICK-UP', 10389, 6, 3),
(400, 'DATSUN', 'SILVIA', 34830, 4, 1),
(401, 'DATSUN', 'STANZA', 19140, 14, 1),
(402, 'DATSUN', 'SUNNY', 29249, 1, 3),
(403, 'DATSUN', 'VIOLET', 18170, 9, 6),
(404, 'DFSK', 'SERES 3', 16740, 19, 1),
(405, 'DODGE', 'AVENGER', 28407, 4, 5),
(406, 'DODGE', 'CALIBER', 35845, 20, 4),
(407, 'DODGE', 'JOURNEY', 19060, 20, 3),
(408, 'DODGE', 'NITRO', 30081, 11, 2),
(409, 'DS', 'DS3', 10979, 3, 5),
(410, 'DS', 'DS3 CROSSBACK', 21053, 4, 5),
(411, 'DS', 'DS4', 20436, 4, 3),
(412, 'DS', 'DS4 II', 33678, 20, 1),
(413, 'DS', 'DS5', 12086, 5, 6),
(414, 'DS', 'DS7 CROSSBACK', 16581, 6, 3),
(415, 'DS', 'DS9', 21765, 5, 5),
(416, 'EBRO', 'F275', 18511, 20, 1),
(417, 'EBRO', 'F350', 19984, 13, 4),
(418, 'EBRO', 'JX20', 11116, 5, 4),
(419, 'EBRO', 'JX28', 9871, 11, 5),
(420, 'EBRO', 'PATROL', 14726, 4, 6),
(421, 'EBRO', 'TRADE', 26139, 1, 4),
(422, 'EBRO', 'VANETTE', 9839, 7, 3),
(423, 'FIAT', '124', 30783, 18, 4),
(424, 'FIAT', '124 SPIDER', 10645, 12, 3),
(425, 'FIAT', '126', 28249, 13, 4),
(426, 'FIAT', '127', 13995, 19, 4),
(427, 'FIAT', '128', 16622, 2, 6),
(428, 'FIAT', '130', 19412, 11, 6),
(429, 'FIAT', '131', 12081, 10, 2),
(430, 'FIAT', '132', 15420, 1, 2),
(431, 'FIAT', '133', 11819, 7, 4),
(432, 'FIAT', '238', 32059, 10, 2),
(433, 'FIAT', '4X4 CROSS', 37461, 15, 1),
(434, 'FIAT', '500', 9764, 19, 1),
(435, 'FIAT', '500 III', 25717, 13, 5),
(436, 'FIAT', '500L', 10592, 20, 4),
(437, 'FIAT', '500X', 15629, 10, 3),
(438, 'FIAT', '600', 33575, 13, 3),
(439, 'FIAT', '850', 10735, 19, 2),
(440, 'FIAT', '900', 20088, 3, 6),
(441, 'FIAT', 'ARGENTA', 39873, 5, 3),
(442, 'FIAT', 'BARCHETTA', 25394, 15, 4),
(443, 'FIAT', 'BRAVA', 24330, 20, 3),
(444, 'FIAT', 'BRAVO', 16383, 3, 6),
(445, 'FIAT', 'BRAVO II', 33166, 11, 3),
(446, 'FIAT', 'CINQUECENTO', 27313, 0, 6),
(447, 'FIAT', 'COUPE', 39062, 18, 1),
(448, 'FIAT', 'CROMA', 19343, 19, 1),
(449, 'FIAT', 'DOBLO', 35280, 3, 4),
(450, 'FIAT', 'DUCATO', 18601, 9, 1),
(451, 'FIAT', 'FIORINO', 38567, 8, 6),
(452, 'FIAT', 'FIORINO QUBO', 24480, 15, 6),
(453, 'FIAT', 'FREEMONT', 16679, 20, 2),
(454, 'FIAT', 'FULLBACK', 31591, 1, 6),
(455, 'FIAT', 'GRANDE PUNTO', 17853, 15, 5),
(456, 'FIAT', 'IDEA', 15909, 11, 6),
(457, 'FIAT', 'MAREA', 27275, 5, 6),
(458, 'FIAT', 'MULTIPLA', 39452, 10, 3),
(459, 'FIAT', 'PALIO', 16616, 0, 5),
(460, 'FIAT', 'PANDA', 24654, 4, 6),
(461, 'FIAT', 'PININFARINA', 16382, 6, 4),
(462, 'FIAT', 'PUNTO', 39349, 8, 5),
(463, 'FIAT', 'PUNTO EVO', 8137, 15, 5),
(464, 'FIAT', 'REGATA', 39113, 18, 6),
(465, 'FIAT', 'RITMO', 11303, 7, 4),
(466, 'FIAT', 'SCUDO', 39522, 13, 5),
(467, 'FIAT', 'SEDICI', 39820, 16, 2),
(468, 'FIAT', 'SEICENTO', 15146, 7, 6),
(469, 'FIAT', 'STILO', 9159, 2, 5),
(470, 'FIAT', 'STRADA', 8524, 14, 1),
(471, 'FIAT', 'TALENTO', 23277, 20, 2),
(472, 'FIAT', 'TEMPRA', 21086, 4, 5),
(473, 'FIAT', 'TIPO', 18991, 10, 4),
(474, 'FIAT', 'ULYSSE', 22583, 2, 1),
(475, 'FIAT', 'UNO', 38210, 1, 1),
(476, 'FIAT', 'X1/9', 21309, 4, 1),
(477, 'FISKER', 'KARMA', 35679, 18, 6),
(478, 'FORD', 'A0406', 17883, 19, 4),
(479, 'FORD', 'A0407', 18715, 7, 2),
(480, 'FORD', 'A0408', 37881, 13, 6),
(481, 'FORD', 'A0409', 11097, 4, 6),
(482, 'FORD', 'A0410', 35758, 2, 3),
(483, 'FORD', 'AEROSTAR', 27317, 3, 1),
(484, 'FORD', 'ANGLIA', 37206, 12, 2),
(485, 'FORD', 'B-MAX', 31250, 12, 2),
(486, 'FORD', 'CAPRI', 22695, 17, 3),
(487, 'FORD', 'CONSUL', 25968, 8, 1),
(488, 'FORD', 'CORTINA', 12131, 2, 6),
(489, 'FORD', 'COUGAR', 35108, 18, 1),
(490, 'FORD', 'COURRIER', 38629, 10, 5),
(491, 'FORD', 'ECOSPORT', 25366, 2, 6),
(492, 'FORD', 'EDGE', 25256, 18, 5),
(493, 'FORD', 'ESCORT', 37469, 6, 3),
(494, 'FORD', 'EXPLORER', 20444, 1, 6),
(495, 'FORD', 'FIESTA', 38383, 9, 1),
(496, 'FORD', 'FOCUS', 27142, 0, 6),
(497, 'FORD', 'FOCUS C-MAX', 16129, 22, 6),
(498, 'FORD', 'FOCUS IV', 23252, 20, 1),
(499, 'FORD', 'FUSION', 31274, 18, 6),
(500, 'FORD', 'GALAXY', 10571, 10, 5),
(501, 'FORD', 'GRANADA', 13236, 15, 2),
(502, 'FORD', 'KA', 20298, 2, 6),
(503, 'FORD', 'KA+', 26952, 16, 3),
(504, 'FORD', 'KUGA', 20628, 8, 4),
(505, 'FORD', 'KUGA III', 37836, 14, 5),
(506, 'FORD', 'MAVERICK', 39374, 21, 6),
(507, 'FORD', 'MONDEO', 21655, 17, 3),
(508, 'FORD', 'MONDEO*', 21436, 19, 2),
(509, 'FORD', 'MUSTANG', 20940, 7, 5),
(510, 'FORD', 'MUSTANG MACH-E', 9937, 7, 2),
(511, 'FORD', 'ORION', 29082, 3, 1),
(512, 'FORD', 'P 100', 18308, 11, 2),
(513, 'FORD', 'PROBE', 15313, 18, 2),
(514, 'FORD', 'PUMA', 28768, 7, 5),
(515, 'FORD', 'PUMA II', 26514, 5, 1),
(516, 'FORD', 'RANGER', 12113, 13, 2),
(517, 'FORD', 'S-MAX', 11666, 0, 1),
(518, 'FORD', 'SCORPIO', 21424, 19, 6),
(519, 'FORD', 'SIERRA', 23187, 4, 2),
(520, 'FORD', 'TAUNUS', 16205, 9, 4),
(521, 'FORD', 'TOURNEO', 21992, 2, 4),
(522, 'FORD', 'TOURNEO CONNECT', 36534, 19, 2),
(523, 'FORD', 'TOURNEO COURIER', 35460, 5, 5),
(524, 'FORD', 'TOURNEO CUSTOM', 24276, 14, 6),
(525, 'FORD', 'TRANSIT', 16811, 17, 1),
(526, 'FORD', 'TRANSIT CONNECT', 23091, 8, 2),
(527, 'FORD', 'TRANSIT COURIER', 25819, 15, 4),
(528, 'FORD', 'TRANSIT CUSTOM', 9702, 9, 5),
(529, 'FORD', 'TRANSIT VI', 34026, 15, 5),
(530, 'FSO-POLSKI', '125', 10448, 8, 4),
(531, 'FSO-POLSKI', '125P', 23985, 14, 1),
(532, 'FSO-POLSKI', '1500', 19024, 8, 5),
(533, 'FSO-POLSKI', 'ATOU', 37205, 7, 2),
(534, 'FSO-POLSKI', 'CARO', 17040, 17, 4),
(535, 'FSO-POLSKI', 'LINDA', 37010, 17, 1),
(536, 'FSO-POLSKI', 'POLONEZ', 16328, 2, 4),
(537, 'FSO-POLSKI', 'TRUCK', 15852, 10, 1),
(538, 'GAC GONOW', 'GA', 37233, 9, 5),
(539, 'GAC GONOW', 'WAY', 26990, 15, 5),
(540, 'GME', 'MIDI', 23897, 19, 4),
(541, 'GME', 'RASCAL', 30314, 5, 5),
(542, 'GRANDIN', 'DALLAS', 25534, 10, 2),
(543, 'HONDA', 'ACCORD', 39101, 2, 5),
(544, 'HONDA', 'ACTY', 15120, 3, 6),
(545, 'HONDA', 'CIVIC', 29015, 3, 6),
(546, 'HONDA', 'CONCERTO', 8868, 11, 4),
(547, 'HONDA', 'CR-Z', 30428, 1, 5),
(548, 'HONDA', 'CRV', 14136, 17, 5),
(549, 'HONDA', 'CRV V', 18857, 18, 4),
(550, 'HONDA', 'CRX', 27483, 5, 6),
(551, 'HONDA', 'FR-V', 18477, 9, 3),
(552, 'HONDA', 'HONDA E', 33601, 17, 5),
(553, 'HONDA', 'HR-V', 32317, 2, 1),
(554, 'HONDA', 'INSIGHT', 11392, 8, 3),
(555, 'HONDA', 'INTEGRA', 11831, 12, 6),
(556, 'HONDA', 'JAZZ', 28544, 14, 1),
(557, 'HONDA', 'JAZZ IV', 9476, 4, 4),
(558, 'HONDA', 'LEGEND', 11341, 19, 1),
(559, 'HONDA', 'LOGO', 32211, 11, 5),
(560, 'HONDA', 'N360', 15104, 11, 3),
(561, 'HONDA', 'NSX', 24237, 10, 6),
(562, 'HONDA', 'PRELUDE', 28257, 14, 2),
(563, 'HONDA', 'QUINTET', 12605, 1, 2),
(564, 'HONDA', 'S2000', 15229, 18, 3),
(565, 'HONDA', 'SHUTTLE', 16832, 10, 1),
(566, 'HONDA', 'STREAM', 8690, 16, 1),
(567, 'HYUNDAI', 'ACCENT', 36428, 3, 1),
(568, 'HYUNDAI', 'ATOS', 37493, 19, 6),
(569, 'HYUNDAI', 'AZERA', 31240, 7, 3),
(570, 'HYUNDAI', 'BAYON', 23810, 15, 3),
(571, 'HYUNDAI', 'COUPE', 36879, 17, 5),
(572, 'HYUNDAI', 'ELANTRA', 13255, 20, 2),
(573, 'HYUNDAI', 'GALLOPER', 26981, 17, 4),
(574, 'HYUNDAI', 'GENESIS', 31451, 12, 3),
(575, 'HYUNDAI', 'GETZ', 39996, 6, 4),
(576, 'HYUNDAI', 'H-1', 16018, 4, 3),
(577, 'HYUNDAI', 'H100', 21017, 12, 4),
(578, 'HYUNDAI', 'I10', 12841, 13, 6),
(579, 'HYUNDAI', 'I10 III', 20235, 5, 3),
(580, 'HYUNDAI', 'I20', 32181, 10, 1),
(581, 'HYUNDAI', 'I20 III', 38347, 7, 2),
(582, 'HYUNDAI', 'I30', 27145, 0, 5),
(583, 'HYUNDAI', 'I40', 27296, 0, 6),
(584, 'HYUNDAI', 'IONIQ', 24144, 11, 3),
(585, 'HYUNDAI', 'IONIQ 5', 31666, 4, 4),
(586, 'HYUNDAI', 'IX20', 14398, 9, 3),
(587, 'HYUNDAI', 'IX35', 15703, 4, 1),
(588, 'HYUNDAI', 'IX55', 39488, 4, 3),
(589, 'HYUNDAI', 'KONA', 19339, 5, 3),
(590, 'HYUNDAI', 'LANTRA', 28457, 5, 6),
(591, 'HYUNDAI', 'MATRIX', 20224, 10, 6),
(592, 'HYUNDAI', 'PONY', 15045, 13, 2),
(593, 'HYUNDAI', 'SANTA FE', 15402, 9, 6),
(594, 'HYUNDAI', 'SATELLITE', 18086, 0, 4),
(595, 'HYUNDAI', 'SCOUPE', 17982, 3, 3),
(596, 'HYUNDAI', 'SONATA', 22772, 22, 4),
(597, 'HYUNDAI', 'TERRACAN', 16210, 0, 2),
(598, 'HYUNDAI', 'TRAJET', 28131, 4, 5),
(599, 'HYUNDAI', 'TUCSON', 37415, 10, 1),
(600, 'HYUNDAI', 'TUCSON IV', 35767, 0, 5),
(601, 'HYUNDAI', 'VELOSTER', 8210, 20, 2),
(602, 'HYUNDAI', 'XG', 17057, 12, 5),
(603, 'INFINITI', 'EX', 19148, 14, 5),
(604, 'INFINITI', 'FX', 38676, 18, 1),
(605, 'INFINITI', 'G', 23878, 6, 6),
(606, 'INFINITI', 'M', 34057, 14, 5),
(607, 'INFINITI', 'Q30', 30849, 16, 2),
(608, 'INFINITI', 'Q50', 35806, 4, 5),
(609, 'INFINITI', 'Q60', 8868, 18, 1),
(610, 'INFINITI', 'Q70', 8340, 3, 1),
(611, 'INFINITI', 'QX30', 37219, 16, 6),
(612, 'INFINITI', 'QX50', 8524, 17, 6),
(613, 'INFINITI', 'QX70', 16342, 12, 1),
(614, 'INNOCENTI', '1000', 15161, 16, 5),
(615, 'INNOCENTI', '1100', 36499, 18, 5),
(616, 'INNOCENTI', '2200', 10216, 7, 3),
(617, 'INNOCENTI', '500', 10152, 9, 2),
(618, 'INNOCENTI', '650', 27092, 17, 1),
(619, 'INNOCENTI', '90', 26497, 4, 4),
(620, 'INNOCENTI', '990', 10757, 5, 2),
(621, 'INNOCENTI', 'DE TOMASO', 21815, 10, 6),
(622, 'INNOCENTI', 'MINI', 17389, 11, 1),
(623, 'INNOCENTI', 'MINIMATIC', 31719, 17, 1),
(624, 'ISUZU', 'D-MAX', 19490, 7, 6),
(625, 'ISUZU', 'SERIE N', 9419, 12, 4),
(626, 'ISUZU', 'TROOPER', 32963, 2, 1),
(627, 'IVECO', 'DAILY', 31647, 17, 1),
(628, 'IVECO', 'MASSIF', 29642, 15, 6),
(629, 'JAGUAR', '420', 56768, 13, 3),
(630, 'JAGUAR', 'E', 22678, 5, 3),
(631, 'JAGUAR', 'E-PACE', 52014, 13, 2),
(632, 'JAGUAR', 'F-PACE', 42012, 21, 6),
(633, 'JAGUAR', 'F-TYPE', 63286, 10, 6),
(634, 'JAGUAR', 'I-PACE', 19806, 2, 5),
(635, 'JAGUAR', 'S-TYPE', 41973, 6, 6),
(636, 'JAGUAR', 'SOVEREIGN', 45141, 8, 5),
(637, 'JAGUAR', 'V12', 69954, 3, 2),
(638, 'JAGUAR', 'X-TYPE', 34018, 3, 3),
(639, 'JAGUAR', 'XE', 26564, 6, 4),
(640, 'JAGUAR', 'XF', 56978, 9, 1),
(641, 'JAGUAR', 'XJ', 44842, 20, 2),
(642, 'JAGUAR', 'XJ6', 19904, 10, 6),
(643, 'JAGUAR', 'XJ8', 37383, 3, 5),
(644, 'JAGUAR', 'XJR', 71029, 5, 2),
(645, 'JAGUAR', 'XJS', 42867, 7, 3),
(646, 'JAGUAR', 'XJSC', 63949, 8, 2),
(647, 'JAGUAR', 'XK', 37172, 7, 1),
(648, 'JAGUAR', 'XK8', 23369, 16, 2),
(649, 'JEEP', 'CHEROKEE', 30614, 17, 6),
(650, 'JEEP', 'COMMANDER', 38072, 6, 5),
(651, 'JEEP', 'COMPASS', 74906, 8, 4),
(652, 'JEEP', 'GRAND CHEROKEE', 61749, 17, 1),
(653, 'JEEP', 'PATRIOT', 59939, 15, 4),
(654, 'JEEP', 'RENEGADE', 61533, 8, 5),
(655, 'JEEP', 'WRANGLER', 53456, 15, 4),
(656, 'JEEP', 'WRANGLER IV', 71801, 12, 5),
(657, 'KIA', 'BESTA', 9446, 17, 4),
(658, 'KIA', 'CARENS', 33949, 4, 3),
(659, 'KIA', 'CARNIVAL', 16108, 11, 1),
(660, 'KIA', 'CEED', 24637, 8, 2),
(661, 'KIA', 'CEED III', 8447, 19, 5),
(662, 'KIA', 'CERATO', 28072, 9, 3),
(663, 'KIA', 'CLARUS', 22688, 4, 4),
(664, 'KIA', 'E-SOUL', 18639, 9, 6),
(665, 'KIA', 'MAGENTIS', 9440, 5, 6),
(666, 'KIA', 'NIRO', 29288, 10, 4),
(667, 'KIA', 'OPIRUS', 27272, 17, 2),
(668, 'KIA', 'OPTIMA', 26083, 8, 6),
(669, 'KIA', 'PICANTO', 39797, 8, 3),
(670, 'KIA', 'PREGIO', 16199, 7, 5),
(671, 'KIA', 'PRIDE', 27190, 18, 3),
(672, 'KIA', 'RIO', 27239, 15, 5),
(673, 'KIA', 'SEPHIA', 8514, 13, 1),
(674, 'KIA', 'SHUMA', 36425, 5, 5),
(675, 'KIA', 'SORENTO', 9706, 12, 3),
(676, 'KIA', 'SORENTO IV', 17703, 6, 3),
(677, 'KIA', 'SOUL', 18705, 11, 4),
(678, 'KIA', 'SPORTAGE', 39571, 9, 3),
(679, 'KIA', 'STINGER', 15712, 13, 5),
(680, 'KIA', 'STONIC', 38562, 10, 6),
(681, 'KIA', 'VENGA', 26339, 10, 3),
(682, 'LADA', '110', 36184, 19, 5),
(683, 'LADA', '111', 7859, 3, 2),
(684, 'LADA', '1118', 9320, 9, 5),
(685, 'LADA', '112', 35518, 16, 5),
(686, 'LADA', '1200', 18812, 14, 1),
(687, 'LADA', '1300', 27458, 13, 4),
(688, 'LADA', '1500', 14337, 20, 6),
(689, 'LADA', '1600', 29645, 19, 6),
(690, 'LADA', 'GRANTA', 7789, 5, 3),
(691, 'LADA', 'KALINA', 26578, 19, 6),
(692, 'LADA', 'KALINKA', 25173, 3, 5),
(693, 'LADA', 'NIVA', 27075, 1, 4),
(694, 'LADA', 'PRIORA', 39729, 20, 6),
(695, 'LADA', 'SAGONA', 22351, 14, 4),
(696, 'LADA', 'SAMARA', 13393, 5, 4),
(697, 'LANCIA', 'BETA', 38069, 4, 1),
(698, 'LANCIA', 'DEDRA', 18606, 8, 1),
(699, 'LANCIA', 'DELTA', 18850, 13, 3),
(700, 'LANCIA', 'FLAMINIA', 35201, 18, 1),
(701, 'LANCIA', 'FLAVIA', 26778, 4, 4),
(702, 'LANCIA', 'FULVIA', 39154, 2, 4),
(703, 'LANCIA', 'GAMMA', 6677, 9, 4),
(704, 'LANCIA', 'KAPPA', 37218, 14, 4),
(705, 'LANCIA', 'LYBRA', 29855, 3, 3),
(706, 'LANCIA', 'MUSA', 17352, 20, 5),
(707, 'LANCIA', 'PHEDRA', 10596, 4, 2),
(708, 'LANCIA', 'PRISMA', 18116, 11, 4),
(709, 'LANCIA', 'THEMA', 9226, 0, 2),
(710, 'LANCIA', 'THESIS', 23400, 4, 6),
(711, 'LANCIA', 'TREVI', 23788, 15, 6),
(712, 'LANCIA', 'VOYAGER', 36890, 17, 5),
(713, 'LANCIA', 'Y', 19034, 4, 1),
(714, 'LANCIA', 'Y10', 15970, 2, 2),
(715, 'LANCIA', 'YPSILON', 14076, 15, 4),
(716, 'LANCIA', 'ZETA', 22820, 8, 2),
(717, 'LAND ROVER', '110', 7465, 9, 6),
(718, 'LAND ROVER', '88', 29041, 3, 3),
(719, 'LAND ROVER', '90', 26337, 4, 1),
(720, 'LAND ROVER', 'DEFENDER', 20406, 14, 4),
(721, 'LAND ROVER', 'DEFENDER II', 14949, 1, 1),
(722, 'LAND ROVER', 'DISCOVERY', 6460, 21, 1),
(723, 'LAND ROVER', 'DISCOVERY SPORT', 17640, 15, 5),
(724, 'LAND ROVER', 'EVOQUE', 34616, 7, 4),
(725, 'LAND ROVER', 'EVOQUE II', 32378, 8, 2),
(726, 'LAND ROVER', 'FREELANDER', 25916, 5, 5),
(727, 'LAND ROVER', 'RANGE 4X4', 14639, 15, 2),
(728, 'LAND ROVER', 'RANGE ROVER SPORT', 37749, 13, 5),
(729, 'LAND ROVER', 'VELAR', 10257, 16, 5),
(730, 'LDV', 'CONVOY', 39614, 2, 2),
(731, 'LEXUS', 'CT', 47143, 18, 5),
(732, 'LEXUS', 'ES', 27668, 7, 5),
(733, 'LEXUS', 'GS', 28975, 14, 4),
(734, 'LEXUS', 'IS', 43024, 12, 1),
(735, 'LEXUS', 'IS SPORTCROSS', 37402, 18, 1),
(736, 'LEXUS', 'LC', 61034, 5, 3),
(737, 'LEXUS', 'LFA', 29067, 13, 5),
(738, 'LEXUS', 'LS', 45208, 18, 5),
(739, 'LEXUS', 'LS II', 36550, 10, 5),
(740, 'LEXUS', 'NX', 78188, 6, 4),
(741, 'LEXUS', 'RC', 68219, 10, 2),
(742, 'LEXUS', 'RX', 64834, 7, 2),
(743, 'LEXUS', 'SC', 73410, 3, 4),
(744, 'LEXUS', 'UX', 27550, 8, 5),
(745, 'LOTUS', 'ELAN', 12920, 1, 3),
(746, 'LOTUS', 'ELISE', 44641, 1, 4),
(747, 'LOTUS', 'ESPRIT', 22785, 1, 2),
(748, 'LOTUS', 'EUROPA', 60801, 19, 1),
(749, 'LOTUS', 'EXIGE', 17175, 9, 3),
(750, 'LOTUS', 'OMEGA', 62711, 8, 3),
(751, 'LYNK&CO', '1', 78322, 1, 1),
(752, 'MAHINDRA', 'BOLERO', 73836, 13, 5),
(753, 'MAHINDRA', 'CJ', 48361, 6, 4),
(754, 'MAHINDRA', 'GOA', 37381, 0, 2),
(755, 'MAN', 'TGE', 46437, 19, 1),
(756, 'MARUTI', '800', 75286, 5, 6),
(757, 'MASERATI', 'COUPE', 65528, 2, 1),
(758, 'MASERATI', 'GHIBLI', 31200, 22, 4),
(759, 'MASERATI', 'GRANCABRIO', 53698, 18, 3),
(760, 'MASERATI', 'GRANSPORT', 49974, 10, 2),
(761, 'MASERATI', 'GRANTURISMO', 27374, 18, 6),
(762, 'MASERATI', 'QUATTROPORTE', 40408, 19, 1),
(763, 'MATRA', 'BAGHEERA', 75732, 17, 1),
(764, 'MATRA', 'M530', 14494, 12, 5),
(765, 'MATRA', 'MURENA', 13010, 18, 5),
(766, 'MATRA', 'RANCHO', 72910, 20, 6),
(767, 'MAZDA', '1000', 78787, 17, 1),
(768, 'MAZDA', '1200', 26958, 10, 2),
(769, 'MAZDA', '121', 71416, 8, 2),
(770, 'MAZDA', '1800', 23283, 7, 4),
(771, 'MAZDA', '323', 45801, 17, 5),
(772, 'MAZDA', '616', 17824, 19, 5),
(773, 'MAZDA', '626', 29585, 8, 2),
(774, 'MAZDA', '818', 37910, 4, 2),
(775, 'MAZDA', '929', 64695, 18, 5),
(776, 'MAZDA', 'BONGO', 57529, 5, 3),
(777, 'MAZDA', 'BT50', 47181, 20, 5),
(778, 'MAZDA', 'CX-3', 29145, 2, 2),
(779, 'MAZDA', 'CX-30', 51692, 8, 3),
(780, 'MAZDA', 'CX-5', 35883, 19, 1),
(781, 'MAZDA', 'CX-7', 60390, 0, 4),
(782, 'MAZDA', 'DEMIO', 72218, 17, 1),
(783, 'MAZDA', 'E2200', 16058, 4, 4),
(784, 'MAZDA', 'MAZDA2', 65591, 2, 5),
(785, 'MAZDA', 'MAZDA3', 48958, 20, 3),
(786, 'MAZDA', 'MAZDA3 IV', 58737, 19, 5),
(787, 'MAZDA', 'MAZDA5', 37046, 19, 4),
(788, 'MAZDA', 'MAZDA6', 41253, 2, 5),
(789, 'MAZDA', 'MINIBUS', 75462, 18, 1),
(790, 'MAZDA', 'MPV', 23285, 9, 4),
(791, 'MAZDA', 'MX-30', 37471, 1, 1),
(792, 'MAZDA', 'MX3', 48780, 18, 6),
(793, 'MAZDA', 'MX5', 60872, 16, 4),
(794, 'MAZDA', 'MX6', 39185, 9, 2),
(795, 'MAZDA', 'PICK-UP', 34022, 14, 2),
(796, 'MAZDA', 'PREMACY', 63890, 10, 5),
(797, 'MAZDA', 'R100', 48991, 0, 4),
(798, 'MAZDA', 'RX2', 55927, 16, 3),
(799, 'MAZDA', 'RX3', 19095, 18, 4),
(800, 'MAZDA', 'RX5', 56068, 5, 2),
(801, 'MAZDA', 'RX7', 19688, 8, 6),
(802, 'MAZDA', 'RX8', 15085, 17, 4),
(803, 'MAZDA', 'T2500', 74381, 19, 1),
(804, 'MAZDA', 'TRIBUTE', 59410, 6, 6),
(805, 'MAZDA', 'XEDOS 6', 23996, 12, 4),
(806, 'MAZDA', 'XEDOS 9', 45030, 4, 1),
(807, 'MCC', 'SMART', 26250, 17, 5),
(808, 'MEGA', 'CABRIOLET', 69677, 12, 3),
(809, 'MEGA', 'CLUB', 71965, 3, 1),
(810, 'MEGA', 'CONCEPT', 69355, 5, 2),
(811, 'MEGA', 'FOURGON', 76719, 19, 1),
(812, 'MEGA', 'RANCH', 19533, 3, 4),
(813, 'MERCEDES', '190', 34645, 6, 2),
(814, 'MERCEDES', '200', 57668, 6, 2),
(815, 'MERCEDES', '206', 13304, 2, 2),
(816, 'MERCEDES', '207', 44284, 1, 5),
(817, 'MERCEDES', '208', 53441, 8, 2),
(818, 'MERCEDES', '209', 37114, 18, 5),
(819, 'MERCEDES', '210', 79733, 3, 6),
(820, 'MERCEDES', '220', 76758, 9, 5),
(821, 'MERCEDES', '230', 60468, 3, 1),
(822, 'MERCEDES', '240', 43628, 14, 2),
(823, 'MERCEDES', '250', 40653, 2, 5),
(824, 'MERCEDES', '260', 75393, 15, 3),
(825, 'MERCEDES', '280', 79725, 9, 4),
(826, 'MERCEDES', '300', 28513, 5, 5),
(827, 'MERCEDES', '306', 12875, 14, 4),
(828, 'MERCEDES', '307', 78138, 19, 3),
(829, 'MERCEDES', '308', 51423, 15, 4),
(830, 'MERCEDES', '309', 75751, 3, 4),
(831, 'MERCEDES', '310', 52373, 9, 4),
(832, 'MERCEDES', '320', 30703, 8, 2),
(833, 'MERCEDES', '350', 50513, 1, 1),
(834, 'MERCEDES', '400', 62890, 5, 4),
(835, 'MERCEDES', '406', 52409, 16, 3),
(836, 'MERCEDES', '407', 44077, 6, 3),
(837, 'MERCEDES', '408', 25731, 2, 2),
(838, 'MERCEDES', '409', 79240, 18, 5),
(839, 'MERCEDES', '410', 51065, 6, 6),
(840, 'MERCEDES', '420', 50076, 13, 4),
(841, 'MERCEDES', '450', 62233, 16, 4),
(842, 'MERCEDES', '500', 41795, 12, 1),
(843, 'MERCEDES', '507', 60238, 19, 1),
(844, 'MERCEDES', '508', 27539, 9, 3),
(845, 'MERCEDES', '560', 60974, 18, 4),
(846, 'MERCEDES', '600', 55370, 3, 1),
(847, 'MERCEDES', '609', 35150, 15, 1),
(848, 'MERCEDES', '611', 33068, 6, 5),
(849, 'MERCEDES', 'CITAN', 61324, 7, 2),
(850, 'MERCEDES', 'CLASSE A', 16192, 17, 4),
(851, 'MERCEDES', 'CLASSE A IV', 32061, 17, 2),
(852, 'MERCEDES', 'CLASSE B', 78722, 8, 4),
(853, 'MERCEDES', 'CLASSE B III', 40500, 0, 1),
(854, 'MERCEDES', 'CLASSE C', 27153, 6, 4),
(855, 'MERCEDES', 'CLASSE C III', 52419, 18, 4),
(856, 'MERCEDES', 'CLASSE C IV', 38555, 3, 4),
(857, 'MERCEDES', 'CLASSE C V', 25567, 6, 6),
(858, 'MERCEDES', 'CLASSE CL', 40193, 18, 1),
(859, 'MERCEDES', 'CLASSE CLA', 51320, 19, 6),
(860, 'MERCEDES', 'CLASSE CLA II', 76075, 19, 5),
(861, 'MERCEDES', 'CLASSE CLC', 55164, 2, 3),
(862, 'MERCEDES', 'CLASSE CLK', 75784, 12, 6),
(863, 'MERCEDES', 'CLASSE CLS', 47226, 1, 4),
(864, 'MERCEDES', 'CLASSE E', 28816, 11, 5),
(865, 'MERCEDES', 'CLASSE E IV', 24799, 19, 2),
(866, 'MERCEDES', 'CLASSE E V', 13223, 16, 6),
(867, 'MERCEDES', 'CLASSE EQA', 63097, 12, 4),
(868, 'MERCEDES', 'CLASSE EQC', 63425, 0, 4),
(869, 'MERCEDES', 'CLASSE EQV', 66327, 17, 1),
(870, 'MERCEDES', 'CLASSE G', 26264, 19, 1),
(871, 'MERCEDES', 'CLASSE G II', 48060, 5, 1),
(872, 'MERCEDES', 'CLASSE GL', 17238, 7, 5),
(873, 'MERCEDES', 'CLASSE GLA', 46749, 17, 3),
(874, 'MERCEDES', 'CLASSE GLA II', 24083, 12, 3),
(875, 'MERCEDES', 'CLASSE GLB', 44296, 15, 5),
(876, 'MERCEDES', 'CLASSE GLC', 45855, 16, 4),
(877, 'MERCEDES', 'CLASSE GLE', 18038, 19, 5),
(878, 'MERCEDES', 'CLASSE GLE II', 77003, 9, 6),
(879, 'MERCEDES', 'CLASSE GLK', 25418, 17, 4),
(880, 'MERCEDES', 'CLASSE GLS', 69153, 5, 2),
(881, 'MERCEDES', 'CLASSE GLS II', 40002, 20, 2),
(882, 'MERCEDES', 'CLASSE M', 30350, 5, 4),
(883, 'MERCEDES', 'CLASSE R', 54725, 13, 4),
(884, 'MERCEDES', 'CLASSE S', 33886, 16, 4),
(885, 'MERCEDES', 'CLASSE S V', 22157, 2, 2),
(886, 'MERCEDES', 'CLASSE SL', 42031, 0, 4),
(887, 'MERCEDES', 'CLASSE SLC', 71805, 12, 1),
(888, 'MERCEDES', 'CLASSE SLK', 64604, 6, 4),
(889, 'MERCEDES', 'CLASSE SLS', 32841, 15, 4),
(890, 'MERCEDES', 'CLASSE V', 45768, 6, 6),
(891, 'MERCEDES', 'CLASSE X', 13595, 14, 1),
(892, 'MERCEDES', 'GT', 39103, 6, 3),
(893, 'MERCEDES', 'MB100', 31934, 20, 6),
(894, 'MERCEDES', 'SPRINTER', 35490, 19, 1),
(895, 'MERCEDES', 'VANEO', 21399, 2, 3),
(896, 'MERCEDES', 'VARIO PLUS', 73403, 5, 6),
(897, 'MERCEDES', 'VIANO', 42002, 19, 1),
(898, 'MERCEDES', 'VITO', 69063, 17, 1),
(899, 'MG', 'F', 74187, 19, 6),
(900, 'MG', 'TF', 40613, 17, 5),
(901, 'MG', 'ZR', 31026, 17, 1),
(902, 'MG', 'ZS', 44314, 20, 4),
(903, 'MG', 'ZS EV', 69440, 11, 1),
(904, 'MG', 'ZT', 61144, 13, 1),
(905, 'MIA', 'ELECTRIC', 72185, 5, 4),
(906, 'MINI', 'COUNTRYMAN', 39747, 7, 1),
(907, 'MINI', 'MINI', 36505, 7, 6),
(908, 'MINI', 'MINI CLUBMAN', 73323, 6, 6),
(909, 'MINI', 'PACEMAN', 37873, 17, 4),
(910, 'MITSUBISHI', '3000', 31437, 5, 1),
(911, 'MITSUBISHI', 'ASX', 67862, 7, 4),
(912, 'MITSUBISHI', 'CANTER', 60466, 17, 1),
(913, 'MITSUBISHI', 'CARISMA', 50044, 8, 3),
(914, 'MITSUBISHI', 'COLT', 31261, 19, 1),
(915, 'MITSUBISHI', 'ECLIPSE CROSS', 21443, 18, 5),
(916, 'MITSUBISHI', 'ESTATE', 23848, 0, 1),
(917, 'MITSUBISHI', 'GALANT', 17241, 4, 3),
(918, 'MITSUBISHI', 'GRANDIS', 40659, 11, 2),
(919, 'MITSUBISHI', 'I-MIEV', 14817, 14, 2),
(920, 'MITSUBISHI', 'L200', 74642, 19, 3),
(921, 'MITSUBISHI', 'LANCER', 25515, 14, 1),
(922, 'MITSUBISHI', 'MONTERO', 41546, 7, 3),
(923, 'MITSUBISHI', 'OUTLANDER', 13762, 7, 2),
(924, 'MITSUBISHI', 'PAJERO', 34356, 5, 3),
(925, 'MITSUBISHI', 'SAPPORO', 32248, 8, 4),
(926, 'MITSUBISHI', 'SPACE RUNNER', 32774, 2, 3),
(927, 'MITSUBISHI', 'SPACE STAR', 46787, 16, 4),
(928, 'MITSUBISHI', 'SPACE STAR II', 62299, 11, 1),
(929, 'MITSUBISHI', 'SPACE WAGON', 54707, 16, 6),
(930, 'MPM MOTORS', 'PS160', 75417, 7, 4),
(931, 'NISSAN', '100 NX', 52547, 8, 2),
(932, 'NISSAN', '200 SX', 77487, 11, 6),
(933, 'NISSAN', '300 ZX', 37464, 16, 4),
(934, 'NISSAN', '350 Z', 53534, 15, 4),
(935, 'NISSAN', '370 Z', 54506, 10, 1),
(936, 'NISSAN', 'ALMERA', 45301, 18, 2),
(937, 'NISSAN', 'ALMERA TINO', 62593, 0, 1),
(938, 'NISSAN', 'ATLEON', 26218, 21, 5),
(939, 'NISSAN', 'BLUEBIRD', 24078, 15, 5),
(940, 'NISSAN', 'CABSTAR', 36054, 7, 1),
(941, 'NISSAN', 'CEDRIC', 70511, 19, 5),
(942, 'NISSAN', 'CUBE', 33918, 6, 1),
(943, 'NISSAN', 'ECO T100', 70412, 16, 1),
(944, 'NISSAN', 'GT-R', 68465, 20, 3),
(945, 'NISSAN', 'INTERSTAR', 79968, 4, 5),
(946, 'NISSAN', 'JUKE', 39222, 9, 3),
(947, 'NISSAN', 'JUKE II', 49231, 8, 5),
(948, 'NISSAN', 'KING-CAB', 22147, 3, 4),
(949, 'NISSAN', 'KUBISTAR', 75813, 11, 3),
(950, 'NISSAN', 'L35', 14818, 17, 6),
(951, 'NISSAN', 'LEAF', 69669, 15, 5),
(952, 'NISSAN', 'MAXIMA', 60920, 2, 3),
(953, 'NISSAN', 'MAXIMA QX', 13237, 8, 6),
(954, 'NISSAN', 'MICRA', 41888, 7, 1),
(955, 'NISSAN', 'MURANO', 55687, 6, 5),
(956, 'NISSAN', 'NAVARA', 37674, 18, 6),
(957, 'NISSAN', 'NOTE', 28604, 20, 1),
(958, 'NISSAN', 'NP300', 50818, 20, 4),
(959, 'NISSAN', 'NV200', 69836, 0, 4),
(960, 'NISSAN', 'NV250', 14197, 9, 1),
(961, 'NISSAN', 'NV300', 38216, 10, 1),
(962, 'NISSAN', 'NV400', 45556, 11, 3),
(963, 'NISSAN', 'PATHFINDER', 57815, 8, 2),
(964, 'NISSAN', 'PATROL', 21768, 7, 6),
(965, 'NISSAN', 'PICK-UP', 55496, 7, 2),
(966, 'NISSAN', 'PIXO', 39402, 13, 4),
(967, 'NISSAN', 'PRAIRIE', 59933, 8, 4),
(968, 'NISSAN', 'PRIMASTAR', 21313, 18, 3),
(969, 'NISSAN', 'PRIMERA', 47375, 13, 3),
(970, 'NISSAN', 'PULSAR', 23239, 9, 2),
(971, 'NISSAN', 'QASHQAI', 71649, 3, 4),
(972, 'NISSAN', 'QASHQAI III', 45644, 17, 5),
(973, 'NISSAN', 'SERENA', 22436, 15, 6),
(974, 'NISSAN', 'SILVIA', 72343, 3, 4),
(975, 'NISSAN', 'STANZA', 73090, 0, 2),
(976, 'NISSAN', 'SUNNY', 57716, 19, 5),
(977, 'NISSAN', 'TERRANO', 66470, 13, 1),
(978, 'NISSAN', 'TERRANO II', 45503, 12, 3),
(979, 'NISSAN', 'TINO', 61708, 13, 5),
(980, 'NISSAN', 'TRADE', 52420, 5, 3),
(981, 'NISSAN', 'URVAN', 31982, 20, 6),
(982, 'NISSAN', 'VANETTE', 71624, 15, 5),
(983, 'NISSAN', 'X-TRAIL', 29610, 10, 1),
(984, 'OPEL', 'ADAM', 75259, 20, 5),
(985, 'OPEL', 'ADMIRAL', 20974, 11, 2),
(986, 'OPEL', 'AGILA', 13185, 7, 6),
(987, 'OPEL', 'AMPERA', 13448, 9, 4),
(988, 'OPEL', 'ANTARA', 67172, 3, 2),
(989, 'OPEL', 'ASCONA', 30566, 4, 2),
(990, 'OPEL', 'ASTRA', 22406, 0, 5),
(991, 'OPEL', 'CABRIO', 33585, 0, 3),
(992, 'OPEL', 'CALIBRA', 20612, 12, 3),
(993, 'OPEL', 'CAMPO', 25185, 17, 2),
(994, 'OPEL', 'CASCADA', 57519, 5, 1),
(995, 'OPEL', 'CITY', 20233, 9, 3),
(996, 'OPEL', 'COMBO', 40615, 17, 5),
(997, 'OPEL', 'COMBO III', 45707, 4, 3),
(998, 'OPEL', 'COMBO LIFE', 51160, 11, 5),
(999, 'OPEL', 'COMMODORE', 45876, 14, 6),
(1000, 'OPEL', 'CORSA', 35103, 8, 3),
(1001, 'OPEL', 'CORSA VI', 28967, 20, 3),
(1002, 'OPEL', 'CORSAVAN', 78329, 0, 1),
(1003, 'OPEL', 'CROSSLAND X', 53172, 4, 2),
(1004, 'OPEL', 'DIPLOMAT', 52077, 8, 1),
(1005, 'OPEL', 'FRONTERA', 28781, 11, 3),
(1006, 'OPEL', 'GRANDLAND X', 42271, 7, 1),
(1007, 'OPEL', 'GT', 14346, 1, 5),
(1008, 'OPEL', 'INSIGNIA', 67725, 9, 6),
(1009, 'OPEL', 'KADETT', 44141, 2, 6),
(1010, 'OPEL', 'KAPITAN', 44661, 1, 2),
(1011, 'OPEL', 'KARL', 73743, 15, 1),
(1012, 'OPEL', 'MANTA', 60763, 2, 3),
(1013, 'OPEL', 'MERIVA', 37913, 9, 5),
(1014, 'OPEL', 'MOKKA', 62564, 6, 4),
(1015, 'OPEL', 'MOKKA II', 66214, 9, 2),
(1016, 'OPEL', 'MONTEREY', 51829, 7, 4),
(1017, 'OPEL', 'MONZA', 66724, 1, 1),
(1018, 'OPEL', 'MOVANO', 12757, 8, 2),
(1019, 'OPEL', 'OMEGA', 15231, 19, 1),
(1020, 'OPEL', 'REKORD', 69535, 14, 3),
(1021, 'OPEL', 'SENATOR', 75089, 0, 3),
(1022, 'OPEL', 'SIGNUM', 61051, 4, 3),
(1023, 'OPEL', 'SINTRA', 52489, 12, 4),
(1024, 'OPEL', 'SPEEDSTER', 67400, 2, 1),
(1025, 'OPEL', 'TIGRA', 40597, 20, 4),
(1026, 'OPEL', 'VECTRA', 17411, 20, 5),
(1027, 'OPEL', 'VIVARO', 41910, 11, 3),
(1028, 'OPEL', 'VIVARO III', 41710, 14, 6),
(1029, 'OPEL', 'ZAFIRA', 59919, 15, 5),
(1030, 'OPEL', 'ZAFIRA LIFE', 39819, 15, 3),
(1031, 'PANHARD', '24', 61983, 18, 1),
(1032, 'PANHARD', 'DYNA', 39097, 14, 5),
(1033, 'PANHARD', 'PL', 21871, 19, 6),
(1034, 'PEUGEOT', '1007', 55181, 2, 5),
(1035, 'PEUGEOT', '104', 13289, 19, 3),
(1036, 'PEUGEOT', '106', 46198, 15, 3),
(1037, 'PEUGEOT', '107', 36425, 2, 1),
(1038, 'PEUGEOT', '108', 75299, 1, 3),
(1039, 'PEUGEOT', '2008', 24073, 6, 6),
(1040, 'PEUGEOT', '2008 II', 47879, 11, 1),
(1041, 'PEUGEOT', '203', 36845, 11, 3),
(1042, 'PEUGEOT', '204', 31087, 19, 5),
(1043, 'PEUGEOT', '205', 61552, 9, 4),
(1044, 'PEUGEOT', '206', 67500, 15, 5),
(1045, 'PEUGEOT', '207', 24511, 12, 2),
(1046, 'PEUGEOT', '208', 41232, 2, 5),
(1047, 'PEUGEOT', '208 II', 49400, 8, 6),
(1048, 'PEUGEOT', '3008', 33015, 1, 6),
(1049, 'PEUGEOT', '304', 36228, 6, 6),
(1050, 'PEUGEOT', '305', 32136, 10, 1),
(1051, 'PEUGEOT', '306', 35970, 19, 4),
(1052, 'PEUGEOT', '307', 70634, 7, 2),
(1053, 'PEUGEOT', '308', 72778, 13, 1),
(1054, 'PEUGEOT', '308 III', 61254, 17, 2),
(1055, 'PEUGEOT', '309', 78234, 8, 1),
(1056, 'PEUGEOT', '4007', 79622, 15, 2),
(1057, 'PEUGEOT', '4008', 60088, 2, 2),
(1058, 'PEUGEOT', '403', 34708, 20, 3),
(1059, 'PEUGEOT', '404', 51201, 19, 3),
(1060, 'PEUGEOT', '405', 27106, 1, 4),
(1061, 'PEUGEOT', '406', 73323, 6, 5),
(1062, 'PEUGEOT', '407', 20347, 6, 2),
(1063, 'PEUGEOT', '5008', 75878, 14, 6),
(1064, 'PEUGEOT', '504', 53887, 7, 2),
(1065, 'PEUGEOT', '505', 22727, 2, 2),
(1066, 'PEUGEOT', '508', 15200, 2, 3),
(1067, 'PEUGEOT', '508 II', 71347, 11, 5),
(1068, 'PEUGEOT', '604', 17242, 7, 2),
(1069, 'PEUGEOT', '605', 18431, 3, 1),
(1070, 'PEUGEOT', '607', 59955, 10, 2),
(1071, 'PEUGEOT', '806', 14777, 11, 4),
(1072, 'PEUGEOT', '807', 28431, 13, 2),
(1073, 'PEUGEOT', 'BIPPER', 52100, 7, 3),
(1074, 'PEUGEOT', 'BOXER', 23509, 3, 4),
(1075, 'PEUGEOT', 'BOXER*', 32624, 12, 2),
(1076, 'PEUGEOT', 'DANGEL 504', 74671, 17, 4),
(1077, 'PEUGEOT', 'DANGEL 505', 27981, 3, 1),
(1078, 'PEUGEOT', 'DANGEL J5', 20569, 15, 5),
(1079, 'PEUGEOT', 'EXPERT', 38854, 20, 4),
(1080, 'PEUGEOT', 'ION', 35541, 7, 3),
(1081, 'PEUGEOT', 'J5', 20237, 17, 3),
(1082, 'PEUGEOT', 'J5 COMBI', 68160, 9, 6),
(1083, 'PEUGEOT', 'J7', 53461, 11, 6),
(1084, 'PEUGEOT', 'J9', 22504, 3, 5),
(1085, 'PEUGEOT', 'P4', 69802, 20, 2),
(1086, 'PEUGEOT', 'PARTNER', 65758, 18, 3),
(1087, 'PEUGEOT', 'PARTNER II', 14331, 19, 5),
(1088, 'PEUGEOT', 'PARTNER III', 23504, 3, 1),
(1089, 'PEUGEOT', 'RCZ', 17332, 19, 4),
(1090, 'PEUGEOT', 'RIFTER', 54234, 7, 3),
(1091, 'PEUGEOT', 'TRAVELLER', 77068, 1, 6),
(1092, 'PIAGGIO', 'PORTER', 57971, 20, 2),
(1093, 'PONTIAC', 'FIREBIRD', 29043, 9, 3),
(1094, 'PONTIAC', 'TRANS SPORT', 16514, 19, 2),
(1095, 'PORSCHE', '718 BOXSTER', 35587, 6, 3),
(1096, 'PORSCHE', '718 CAYMAN', 24843, 1, 6),
(1097, 'PORSCHE', '911', 32003, 10, 6),
(1098, 'PORSCHE', '911 VIII', 25286, 2, 4),
(1099, 'PORSCHE', '912', 28928, 11, 3),
(1100, 'PORSCHE', '914', 29219, 11, 4),
(1101, 'PORSCHE', '918', 26785, 19, 3),
(1102, 'PORSCHE', '924', 45057, 15, 5),
(1103, 'PORSCHE', '928', 71748, 2, 2),
(1104, 'PORSCHE', '930', 13058, 15, 2),
(1105, 'PORSCHE', '944', 12236, 7, 1),
(1106, 'PORSCHE', '968', 30034, 1, 2),
(1107, 'PORSCHE', 'BOXSTER', 74390, 1, 1),
(1108, 'PORSCHE', 'CAYENNE', 73934, 3, 2),
(1109, 'PORSCHE', 'CAYMAN', 36155, 17, 1),
(1110, 'PORSCHE', 'MACAN', 29490, 17, 1),
(1111, 'PORSCHE', 'MACAN II', 68841, 1, 2),
(1112, 'PORSCHE', 'PANAMERA', 25582, 13, 6),
(1113, 'PORSCHE', 'TAYCAN', 53531, 6, 3),
(1114, 'PROTON', '313', 42898, 19, 4),
(1115, 'PROTON', '315', 44299, 9, 5),
(1116, 'PROTON', '413', 19901, 18, 4),
(1117, 'PROTON', '415', 22988, 19, 1),
(1118, 'PROTON', '416', 33125, 18, 5),
(1119, 'PROTON', '418', 32823, 18, 4),
(1120, 'PROTON', '420', 61785, 10, 6),
(1121, 'RENAULT', '4CV', 23748, 10, 6),
(1122, 'RENAULT', 'ALASKAN', 69590, 16, 1),
(1123, 'RENAULT', 'ARKANA', 47315, 1, 3),
(1124, 'RENAULT', 'AVANTIME', 27730, 17, 6),
(1125, 'RENAULT', 'B110', 18468, 7, 5),
(1126, 'RENAULT', 'B120', 51022, 15, 1),
(1127, 'RENAULT', 'B70', 21029, 9, 2),
(1128, 'RENAULT', 'B80', 46302, 20, 3),
(1129, 'RENAULT', 'B90', 37245, 13, 4),
(1130, 'RENAULT', 'CAPTUR', 25995, 17, 4),
(1131, 'RENAULT', 'CAPTUR II', 53751, 0, 4),
(1132, 'RENAULT', 'CARAVELLE', 45471, 11, 2),
(1133, 'RENAULT', 'CHEROKEE', 28049, 2, 4),
(1134, 'RENAULT', 'CLIO', 56794, 9, 6),
(1135, 'RENAULT', 'CLIO III', 67388, 0, 4),
(1136, 'RENAULT', 'CLIO III ESTATE', 13149, 7, 6),
(1137, 'RENAULT', 'CLIO IV', 31653, 14, 5),
(1138, 'RENAULT', 'CLIO IV ESTATE', 54043, 0, 4),
(1139, 'RENAULT', 'CLIO V', 18047, 15, 6),
(1140, 'RENAULT', 'DAUPHINE', 25316, 15, 2),
(1141, 'RENAULT', 'DAUPHINOIS', 22088, 6, 3),
(1142, 'RENAULT', 'ESPACE', 33202, 13, 1),
(1143, 'RENAULT', 'ESPACE IV', 79979, 2, 4),
(1144, 'RENAULT', 'ESPACE V', 74690, 8, 5),
(1145, 'RENAULT', 'ESTAFETTE', 70201, 21, 4),
(1146, 'RENAULT', 'EXPRESS', 59400, 8, 3),
(1147, 'RENAULT', 'FLORIDE', 28130, 13, 1),
(1148, 'RENAULT', 'FLUENCE', 57440, 19, 5),
(1149, 'RENAULT', 'FREGATE', 63410, 20, 6),
(1150, 'RENAULT', 'FUEGO', 13623, 10, 6),
(1151, 'RENAULT', 'GRAND ESPACE', 27739, 9, 2),
(1152, 'RENAULT', 'GRAND ESPACE IV', 68749, 18, 4),
(1153, 'RENAULT', 'GRAND SCENIC', 59173, 13, 3),
(1154, 'RENAULT', 'JEEP CJ7', 62234, 2, 6),
(1155, 'RENAULT', 'JUVAQUATRE', 30331, 18, 5),
(1156, 'RENAULT', 'KADJAR', 71728, 12, 2),
(1157, 'RENAULT', 'KANGOO', 50284, 12, 6),
(1158, 'RENAULT', 'KANGOO EXPRESS', 35444, 13, 2),
(1159, 'RENAULT', 'KANGOO EXPRESS II', 29089, 18, 4),
(1160, 'RENAULT', 'KANGOO II', 66822, 7, 1),
(1161, 'RENAULT', 'KANGOO III', 61213, 12, 4),
(1162, 'RENAULT', 'KOLEOS', 50233, 3, 5),
(1163, 'RENAULT', 'LAGUNA', 53295, 16, 3),
(1164, 'RENAULT', 'LAGUNA II', 75494, 14, 3),
(1165, 'RENAULT', 'LAGUNA II ESTATE', 65526, 17, 5),
(1166, 'RENAULT', 'LAGUNA III', 29350, 16, 4),
(1167, 'RENAULT', 'LAGUNA III ESTATE', 33666, 0, 2),
(1168, 'RENAULT', 'LAGUNA NEVADA', 67688, 10, 1),
(1169, 'RENAULT', 'LATITUDE', 25259, 11, 2),
(1170, 'RENAULT', 'MASCOTT', 29523, 2, 3),
(1171, 'RENAULT', 'MASTER', 58551, 10, 6),
(1172, 'RENAULT', 'MASTER III', 61666, 19, 1),
(1173, 'RENAULT', 'MAXITY', 38982, 11, 2),
(1174, 'RENAULT', 'MEGANE', 18706, 1, 3),
(1175, 'RENAULT', 'MEGANE II', 74116, 9, 3),
(1176, 'RENAULT', 'MEGANE II ESTATE', 65632, 6, 1),
(1177, 'RENAULT', 'MEGANE III', 68355, 12, 1),
(1178, 'RENAULT', 'MEGANE III ESTATE', 26400, 14, 6),
(1179, 'RENAULT', 'MEGANE IV', 77854, 10, 1),
(1180, 'RENAULT', 'MESSENGER', 30462, 7, 6),
(1181, 'RENAULT', 'MODUS', 52815, 1, 6),
(1182, 'RENAULT', 'ONDINE', 46052, 7, 4),
(1183, 'RENAULT', 'PRAIRIE', 35637, 4, 2),
(1184, 'RENAULT', 'R10', 72647, 16, 4),
(1185, 'RENAULT', 'R11', 54996, 13, 2),
(1186, 'RENAULT', 'R12', 73805, 14, 6),
(1187, 'RENAULT', 'R14', 22185, 15, 1),
(1188, 'RENAULT', 'R15', 14938, 16, 5),
(1189, 'RENAULT', 'R16', 57367, 0, 4),
(1190, 'RENAULT', 'R17', 36270, 19, 3),
(1191, 'RENAULT', 'R18', 40851, 3, 6),
(1192, 'RENAULT', 'R19', 72200, 17, 1),
(1193, 'RENAULT', 'R20', 34280, 11, 6),
(1194, 'RENAULT', 'R21', 43275, 16, 4),
(1195, 'RENAULT', 'R21 NEVADA', 79233, 7, 2),
(1196, 'RENAULT', 'R25', 16228, 3, 4),
(1197, 'RENAULT', 'R30', 73789, 16, 3),
(1198, 'RENAULT', 'R4', 12536, 5, 3),
(1199, 'RENAULT', 'R5', 64776, 16, 4),
(1200, 'RENAULT', 'R6', 49851, 8, 4),
(1201, 'RENAULT', 'R8', 32130, 2, 2),
(1202, 'RENAULT', 'R9', 52377, 18, 2),
(1203, 'RENAULT', 'RODEO', 76271, 1, 6),
(1204, 'RENAULT', 'SAFRANE', 26339, 4, 3),
(1205, 'RENAULT', 'SAVANE', 53973, 3, 5),
(1206, 'RENAULT', 'SAVIEM', 31928, 4, 4),
(1207, 'RENAULT', 'SCENIC', 15422, 8, 4),
(1208, 'RENAULT', 'SCENIC II', 16891, 20, 2),
(1209, 'RENAULT', 'SCENIC III', 48560, 2, 1),
(1210, 'RENAULT', 'SCENIC IV', 39844, 11, 5),
(1211, 'RENAULT', 'SPIDER', 28804, 15, 3),
(1212, 'RENAULT', 'SUPERCINQ', 79315, 19, 2),
(1213, 'RENAULT', 'TALISMAN', 48329, 18, 3),
(1214, 'RENAULT', 'TRAFIC', 66202, 6, 1),
(1215, 'RENAULT', 'TRAFIC III', 52409, 7, 6),
(1216, 'RENAULT', 'TWINGO', 70844, 1, 1),
(1217, 'RENAULT', 'TWINGO II', 28185, 4, 5),
(1218, 'RENAULT', 'TWINGO III', 33369, 7, 4),
(1219, 'RENAULT', 'VEL SATIS', 53443, 11, 2),
(1220, 'RENAULT', 'WIND', 18333, 12, 5),
(1221, 'RENAULT', 'WRANGLER', 63116, 16, 4),
(1222, 'RENAULT', 'ZOE', 50306, 19, 3),
(1223, 'ROVER', '111', 21736, 17, 4),
(1224, 'ROVER', '114', 21454, 13, 1),
(1225, 'ROVER', '115', 57239, 16, 6),
(1226, 'ROVER', '200', 48765, 15, 1),
(1227, 'ROVER', '2000', 55690, 16, 6),
(1228, 'ROVER', '213', 32262, 0, 3),
(1229, 'ROVER', '214', 17628, 14, 4),
(1230, 'ROVER', '216', 27022, 4, 5),
(1231, 'ROVER', '218', 66263, 20, 1),
(1232, 'ROVER', '220', 15662, 13, 2),
(1233, 'ROVER', '2200', 18206, 10, 3),
(1234, 'ROVER', '2300', 29351, 15, 2),
(1235, 'ROVER', '2400', 63414, 17, 3),
(1236, 'ROVER', '25', 51726, 6, 4),
(1237, 'ROVER', '2600', 56627, 13, 6),
(1238, 'ROVER', '3500', 19328, 17, 1),
(1239, 'ROVER', '414', 56995, 10, 1),
(1240, 'ROVER', '416', 58478, 8, 1),
(1241, 'ROVER', '418', 75340, 14, 1),
(1242, 'ROVER', '420', 53653, 20, 2),
(1243, 'ROVER', '45', 18042, 6, 1),
(1244, 'ROVER', '618', 35813, 4, 6),
(1245, 'ROVER', '620', 67930, 13, 6),
(1246, 'ROVER', '623', 49369, 5, 5),
(1247, 'ROVER', '75', 70202, 10, 4),
(1248, 'ROVER', '820', 73887, 4, 1),
(1249, 'ROVER', '825', 34615, 18, 1),
(1250, 'ROVER', '827', 66000, 17, 4),
(1251, 'ROVER', 'ESTATE', 52325, 13, 4),
(1252, 'ROVER', 'FREIGHT', 50722, 14, 6),
(1253, 'ROVER', 'STREETWISE', 17208, 12, 3),
(1254, 'SAAB', '9-3', 49877, 15, 2),
(1255, 'SAAB', '9-3 BERLINE DE SPORT', 78300, 1, 6),
(1256, 'SAAB', '9-3 SPORT HATCH', 79167, 19, 3),
(1257, 'SAAB', '9-3 X', 21551, 15, 1),
(1258, 'SAAB', '9-5', 60471, 17, 2),
(1259, 'SAAB', '9-5 ESTATE', 26954, 17, 4),
(1260, 'SAAB', '900', 55494, 14, 6),
(1261, 'SAAB', '9000', 17262, 19, 3),
(1262, 'SANTANA', 'S300', 22683, 14, 6),
(1263, 'SANTANA', 'S350', 78879, 3, 1),
(1264, 'SANTANA', 'S410', 75288, 17, 1),
(1265, 'SANTANA', 'S413', 19564, 20, 3),
(1266, 'SANTANA', 'SAMURAI', 72256, 5, 6),
(1267, 'SANTANA', 'VITARA', 14464, 10, 1),
(1268, 'SEAT', 'ALHAMBRA', 27807, 8, 3),
(1269, 'SEAT', 'ALTEA', 30818, 13, 6),
(1270, 'SEAT', 'ALTEA  XL', 19250, 2, 1),
(1271, 'SEAT', 'ARONA', 52072, 19, 5),
(1272, 'SEAT', 'AROSA', 58662, 5, 4),
(1273, 'SEAT', 'ATECA', 71190, 10, 3),
(1274, 'SEAT', 'CORDOBA', 73737, 17, 5),
(1275, 'SEAT', 'EXEO', 51592, 9, 3),
(1276, 'SEAT', 'FURA', 70321, 0, 2),
(1277, 'SEAT', 'IBIZA', 75440, 20, 1),
(1278, 'SEAT', 'IBIZA*', 39833, 4, 2),
(1279, 'SEAT', 'INCA', 31694, 9, 4),
(1280, 'SEAT', 'LEON', 36458, 5, 1),
(1281, 'SEAT', 'LEON IV', 59793, 10, 4),
(1282, 'SEAT', 'MALAGA', 30004, 3, 6),
(1283, 'SEAT', 'MARBELLA', 57133, 1, 1),
(1284, 'SEAT', 'MII', 17833, 20, 2),
(1285, 'SEAT', 'RONDA', 79974, 2, 1),
(1286, 'SEAT', 'TARRACO', 74933, 7, 5),
(1287, 'SEAT', 'TERRA', 53039, 12, 3),
(1288, 'SEAT', 'TOLEDO', 52744, 6, 4),
(1289, 'SKODA', '1050', 60782, 2, 5),
(1290, 'SKODA', '120', 62767, 1, 5),
(1291, 'SKODA', '130', 21443, 4, 2),
(1292, 'SKODA', 'CITIGO', 62924, 11, 3),
(1293, 'SKODA', 'ENYAQ', 41577, 12, 2),
(1294, 'SKODA', 'FABIA', 48083, 20, 4),
(1295, 'SKODA', 'FABIA IV', 21552, 17, 3),
(1296, 'SKODA', 'FAVORIT', 63701, 20, 1),
(1297, 'SKODA', 'FELICIA', 64090, 9, 2),
(1298, 'SKODA', 'KAMIQ', 74370, 16, 2),
(1299, 'SKODA', 'KAROQ', 52467, 6, 1),
(1300, 'SKODA', 'KODIAQ', 63711, 3, 6),
(1301, 'SKODA', 'OCTAVIA', 44575, 20, 4),
(1302, 'SKODA', 'OCTAVIA IV', 56954, 12, 1),
(1303, 'SKODA', 'RAPID', 31514, 7, 4),
(1304, 'SKODA', 'ROOMSTER', 44760, 17, 5),
(1305, 'SKODA', 'SCALA', 13023, 16, 6),
(1306, 'SKODA', 'SUPERB', 53566, 9, 1);
INSERT INTO `produit` (`reference`, `marque`, `nom`, `prix`, `stock`, `pdt_type`) VALUES
(1307, 'SKODA', 'YETI', 31744, 13, 5),
(1308, 'SMART', 'CABRIO', 14534, 13, 2),
(1309, 'SMART', 'CITY-COUPE', 62924, 11, 1),
(1310, 'SMART', 'FORFOUR', 43277, 14, 3),
(1311, 'SMART', 'FORTWO', 75838, 10, 5),
(1312, 'SMART', 'FORTWO BUSINESS', 31551, 17, 6),
(1313, 'SMART', 'FORTWO CABRIO', 35610, 12, 3),
(1314, 'SMART', 'FORTWO COUPE', 18864, 9, 1),
(1315, 'SMART', 'ROADSTER', 39135, 0, 4),
(1316, 'SMART', 'ROADSTER-COUPE', 76308, 11, 2),
(1317, 'SSANGYONG', 'ACTYON', 43238, 10, 4),
(1318, 'SSANGYONG', 'FAMILY', 42347, 12, 2),
(1319, 'SSANGYONG', 'KORANDO', 38558, 8, 3),
(1320, 'SSANGYONG', 'KORANDO II', 48293, 5, 5),
(1321, 'SSANGYONG', 'KYRON', 52182, 4, 4),
(1322, 'SSANGYONG', 'MUSSO', 55661, 3, 5),
(1323, 'SSANGYONG', 'REXTON', 56952, 6, 5),
(1324, 'SSANGYONG', 'REXTON III', 78347, 20, 6),
(1325, 'SSANGYONG', 'RODIUS', 32248, 19, 1),
(1326, 'SSANGYONG', 'TIVOLI', 62272, 13, 5),
(1327, 'SUBARU', 'B9 TRIBECA', 78863, 16, 2),
(1328, 'SUBARU', 'BRZ', 60898, 1, 6),
(1329, 'SUBARU', 'E12', 41867, 9, 1),
(1330, 'SUBARU', 'FORESTER', 14733, 18, 2),
(1331, 'SUBARU', 'FORESTER V', 27351, 5, 5),
(1332, 'SUBARU', 'G3X JUSTY', 77039, 3, 2),
(1333, 'SUBARU', 'IMPREZA', 72698, 11, 5),
(1334, 'SUBARU', 'IMPREZA V', 30152, 17, 1),
(1335, 'SUBARU', 'JUSTY', 71511, 4, 3),
(1336, 'SUBARU', 'LEGACY', 46323, 15, 1),
(1337, 'SUBARU', 'LEVORG', 43213, 20, 4),
(1338, 'SUBARU', 'OUTBACK', 73287, 12, 4),
(1339, 'SUBARU', 'OUTBACK VI', 17121, 15, 4),
(1340, 'SUBARU', 'SVX', 75049, 16, 2),
(1341, 'SUBARU', 'TREZIA', 61995, 16, 5),
(1342, 'SUBARU', 'VIVIO', 17621, 17, 6),
(1343, 'SUBARU', 'XV', 20064, 19, 1),
(1344, 'SUBARU', 'XV II', 55122, 20, 6),
(1345, 'SUNBEAM', '1000', 58317, 15, 5),
(1346, 'SUNBEAM', '1250', 74717, 16, 4),
(1347, 'SUNBEAM', '1300', 34506, 8, 5),
(1348, 'SUNBEAM', '1500', 22769, 17, 2),
(1349, 'SUNBEAM', '1600', 24820, 4, 1),
(1350, 'SUNBEAM', '1725', 27773, 6, 6),
(1351, 'SUNBEAM', 'AVENGER', 69484, 1, 4),
(1352, 'SUNBEAM', 'LOTUS', 28904, 3, 3),
(1353, 'SUNBEAM', 'TI', 37047, 18, 2),
(1354, 'SUZUKI', 'ACROSS', 63464, 10, 3),
(1355, 'SUZUKI', 'ALTO', 65655, 7, 4),
(1356, 'SUZUKI', 'BALENO', 64452, 13, 4),
(1357, 'SUZUKI', 'CELERIO', 62493, 11, 6),
(1358, 'SUZUKI', 'GRAND VITARA', 50973, 7, 1),
(1359, 'SUZUKI', 'IGNIS', 62362, 6, 3),
(1360, 'SUZUKI', 'JIMNY', 36313, 3, 3),
(1361, 'SUZUKI', 'JIMNY II', 45889, 13, 3),
(1362, 'SUZUKI', 'KIZASHI', 59085, 2, 2),
(1363, 'SUZUKI', 'LIANA', 78597, 4, 6),
(1364, 'SUZUKI', 'S-CROSS', 32199, 9, 6),
(1365, 'SUZUKI', 'SAMURAI', 20904, 3, 1),
(1366, 'SUZUKI', 'SPLASH', 32637, 14, 2),
(1367, 'SUZUKI', 'SUPERCARRY', 62959, 16, 4),
(1368, 'SUZUKI', 'SWACE', 55539, 11, 2),
(1369, 'SUZUKI', 'SWIFT', 70699, 5, 4),
(1370, 'SUZUKI', 'SX4', 32991, 9, 2),
(1371, 'SUZUKI', 'VITARA', 17149, 8, 4),
(1372, 'SUZUKI', 'WAGON R+', 24861, 15, 1),
(1373, 'SUZUKI', 'X90', 28115, 3, 2),
(1374, 'TALBOT', '1000', 18368, 7, 2),
(1375, 'TALBOT', '1005', 25071, 0, 3),
(1376, 'TALBOT', '1006', 28791, 10, 4),
(1377, 'TALBOT', '1100', 22132, 19, 4),
(1378, 'TALBOT', '1300', 17806, 11, 2),
(1379, 'TALBOT', '1301', 38337, 16, 1),
(1380, 'TALBOT', '1307', 52479, 11, 1),
(1381, 'TALBOT', '1308', 62098, 11, 2),
(1382, 'TALBOT', '1309', 24328, 9, 4),
(1383, 'TALBOT', '1500', 63715, 12, 3),
(1384, 'TALBOT', '1501', 69985, 19, 4),
(1385, 'TALBOT', '1510', 36781, 1, 4),
(1386, 'TALBOT', '160', 17500, 18, 5),
(1387, 'TALBOT', '1610', 25801, 8, 5),
(1388, 'TALBOT', '2L', 40640, 2, 5),
(1389, 'TALBOT', 'ARONDE', 47859, 0, 6),
(1390, 'TALBOT', 'HORIZON', 52367, 18, 4),
(1391, 'TALBOT', 'SAMBA', 34590, 16, 4),
(1392, 'TALBOT', 'SIM QUATRE', 71453, 19, 2),
(1393, 'TALBOT', 'SOLARA', 17116, 11, 3),
(1394, 'TALBOT', 'TAGORA', 67372, 9, 1),
(1395, 'TATA', 'TELCOLINE', 77372, 16, 6),
(1396, 'TATA', 'TELCOSPORT', 61073, 0, 6),
(1397, 'TESLA', 'MODEL 3', 32495, 11, 4),
(1398, 'TESLA', 'MODEL S', 23615, 17, 5),
(1399, 'TESLA', 'MODEL X', 67941, 17, 3),
(1400, 'TESLA', 'MODEL Y', 42545, 12, 4),
(1401, 'THINK', 'CITY', 17349, 14, 2),
(1402, 'TOYOTA', 'AURIS', 26448, 10, 5),
(1403, 'TOYOTA', 'AVENSIS', 79730, 12, 4),
(1404, 'TOYOTA', 'AYGO', 54394, 2, 1),
(1405, 'TOYOTA', 'C-HR', 39687, 16, 4),
(1406, 'TOYOTA', 'CAMRY', 35176, 16, 2),
(1407, 'TOYOTA', 'CAMRY II', 27396, 8, 4),
(1408, 'TOYOTA', 'CARINA', 52150, 14, 4),
(1409, 'TOYOTA', 'CARINA E', 31219, 2, 4),
(1410, 'TOYOTA', 'CARINA II', 56490, 18, 6),
(1411, 'TOYOTA', 'CELICA', 35900, 9, 5),
(1412, 'TOYOTA', 'COROLLA', 73594, 5, 2),
(1413, 'TOYOTA', 'COROLLA VERSO', 59080, 17, 1),
(1414, 'TOYOTA', 'COROLLA X', 27830, 2, 4),
(1415, 'TOYOTA', 'CORONA', 25744, 9, 2),
(1416, 'TOYOTA', 'CRESSIDA', 39534, 17, 4),
(1417, 'TOYOTA', 'CROWN', 62873, 0, 4),
(1418, 'TOYOTA', 'DYNA', 61397, 19, 6),
(1419, 'TOYOTA', 'FUNCRUISER', 38914, 15, 2),
(1420, 'TOYOTA', 'GT86', 29862, 1, 5),
(1421, 'TOYOTA', 'HI-ACE', 20101, 13, 6),
(1422, 'TOYOTA', 'HI-LUX', 22490, 14, 6),
(1423, 'TOYOTA', 'HIGHLANDER', 49768, 6, 3),
(1424, 'TOYOTA', 'IQ', 49511, 15, 4),
(1425, 'TOYOTA', 'LANDCRUISER', 12513, 2, 4),
(1426, 'TOYOTA', 'LEXUS', 68543, 17, 4),
(1427, 'TOYOTA', 'LITE ACE', 24180, 1, 6),
(1428, 'TOYOTA', 'MIRAI', 23429, 9, 1),
(1429, 'TOYOTA', 'MIRAI II', 79227, 5, 2),
(1430, 'TOYOTA', 'MODELE F', 35364, 16, 5),
(1431, 'TOYOTA', 'MR', 64145, 19, 6),
(1432, 'TOYOTA', 'PASEO', 31386, 3, 6),
(1433, 'TOYOTA', 'PICNIC', 71582, 15, 1),
(1434, 'TOYOTA', 'PREVIA', 46792, 11, 4),
(1435, 'TOYOTA', 'PRIUS', 69574, 7, 6),
(1436, 'TOYOTA', 'PROACE', 29548, 14, 4),
(1437, 'TOYOTA', 'PROACE CITY', 48213, 7, 4),
(1438, 'TOYOTA', 'RAV4', 33107, 3, 2),
(1439, 'TOYOTA', 'RAV4 III', 73960, 10, 4),
(1440, 'TOYOTA', 'RAV4 IV', 62574, 1, 4),
(1441, 'TOYOTA', 'RAV4 V', 72667, 9, 6),
(1442, 'TOYOTA', 'RUNNER', 46173, 2, 6),
(1443, 'TOYOTA', 'STARLET', 41568, 14, 4),
(1444, 'TOYOTA', 'SUPRA', 43385, 6, 6),
(1445, 'TOYOTA', 'SUPRA V', 55156, 18, 6),
(1446, 'TOYOTA', 'TERCEL', 42884, 18, 4),
(1447, 'TOYOTA', 'URBAN CRUISER', 58284, 20, 3),
(1448, 'TOYOTA', 'VERSO', 49808, 19, 1),
(1449, 'TOYOTA', 'VERSO-S', 30174, 19, 6),
(1450, 'TOYOTA', 'YARIS', 62313, 8, 3),
(1451, 'TOYOTA', 'YARIS CROSS', 43564, 11, 1),
(1452, 'TOYOTA', 'YARIS II', 39340, 4, 2),
(1453, 'TOYOTA', 'YARIS III', 21804, 14, 2),
(1454, 'TOYOTA', 'YARIS IV', 16617, 14, 6),
(1455, 'TRIUMPH', '1300', 28921, 8, 2),
(1456, 'TRIUMPH', '2000', 41113, 4, 5),
(1457, 'TRIUMPH', '2500', 76601, 17, 2),
(1458, 'TRIUMPH', 'ACCLAIM', 32119, 6, 3),
(1459, 'TRIUMPH', 'DOLOMITE', 61028, 19, 5),
(1460, 'TRIUMPH', 'HERALD', 77201, 15, 5),
(1461, 'TRIUMPH', 'SPITFIRE', 50822, 3, 6),
(1462, 'TRIUMPH', 'STAG', 25385, 4, 3),
(1463, 'TRIUMPH', 'TOLEDO', 50959, 9, 3),
(1464, 'TRIUMPH', 'TR', 67075, 6, 5),
(1465, 'TRIUMPH', 'TR4', 47054, 8, 4),
(1466, 'TRIUMPH', 'TR6', 18281, 16, 2),
(1467, 'UMM', 'ALTER', 78555, 15, 2),
(1468, 'VOLKSWAGEN', '1,6L', 22435, 8, 6),
(1469, 'VOLKSWAGEN', '1600', 23657, 6, 5),
(1470, 'VOLKSWAGEN', '181', 74747, 16, 3),
(1471, 'VOLKSWAGEN', '183', 59755, 7, 3),
(1472, 'VOLKSWAGEN', '411', 46016, 11, 2),
(1473, 'VOLKSWAGEN', '412', 31823, 5, 2),
(1474, 'VOLKSWAGEN', 'AMAROK', 49239, 13, 3),
(1475, 'VOLKSWAGEN', 'ARTEON', 76701, 2, 5),
(1476, 'VOLKSWAGEN', 'BORA', 44998, 7, 3),
(1477, 'VOLKSWAGEN', 'CADDY', 36859, 5, 1),
(1478, 'VOLKSWAGEN', 'CADDY V', 51854, 18, 4),
(1479, 'VOLKSWAGEN', 'COCCINELLE', 59860, 18, 2),
(1480, 'VOLKSWAGEN', 'CORRADO', 63044, 2, 1),
(1481, 'VOLKSWAGEN', 'CRAFTER', 79784, 5, 3),
(1482, 'VOLKSWAGEN', 'EOS', 69712, 0, 6),
(1483, 'VOLKSWAGEN', 'FOX', 14305, 7, 4),
(1484, 'VOLKSWAGEN', 'GOLF', 19669, 13, 3),
(1485, 'VOLKSWAGEN', 'GOLF III', 16964, 15, 5),
(1486, 'VOLKSWAGEN', 'GOLF IV', 57821, 9, 1),
(1487, 'VOLKSWAGEN', 'GOLF PLUS', 56694, 7, 1),
(1488, 'VOLKSWAGEN', 'GOLF SPORTSVAN', 44945, 0, 1),
(1489, 'VOLKSWAGEN', 'GOLF V', 20262, 9, 4),
(1490, 'VOLKSWAGEN', 'GOLF VI', 49362, 7, 5),
(1491, 'VOLKSWAGEN', 'GOLF VII', 17119, 4, 4),
(1492, 'VOLKSWAGEN', 'GOLF VIII', 78793, 19, 2),
(1493, 'VOLKSWAGEN', 'ID.3', 73340, 3, 1),
(1494, 'VOLKSWAGEN', 'ID.4', 23335, 5, 2),
(1495, 'VOLKSWAGEN', 'JETTA', 54938, 4, 5),
(1496, 'VOLKSWAGEN', 'JETTA II', 66990, 1, 5),
(1497, 'VOLKSWAGEN', 'JETTA III', 32715, 12, 2),
(1498, 'VOLKSWAGEN', 'K70', 16503, 2, 6),
(1499, 'VOLKSWAGEN', 'LT28', 62379, 1, 2),
(1500, 'VOLKSWAGEN', 'LT31', 72414, 13, 1),
(1501, 'VOLKSWAGEN', 'LT32', 71818, 9, 5),
(1502, 'VOLKSWAGEN', 'LT35', 75042, 16, 1),
(1503, 'VOLKSWAGEN', 'LT40A', 43079, 9, 6),
(1504, 'VOLKSWAGEN', 'LT46A', 22946, 3, 3),
(1505, 'VOLKSWAGEN', 'LUPO', 37902, 12, 5),
(1506, 'VOLKSWAGEN', 'NEW BEETLE', 18115, 2, 6),
(1507, 'VOLKSWAGEN', 'PASSAT', 19447, 4, 4),
(1508, 'VOLKSWAGEN', 'PASSAT CC', 57832, 19, 3),
(1509, 'VOLKSWAGEN', 'PASSAT SW', 60009, 15, 6),
(1510, 'VOLKSWAGEN', 'PASSAT*', 73885, 2, 5),
(1511, 'VOLKSWAGEN', 'PHAETON', 35962, 18, 5),
(1512, 'VOLKSWAGEN', 'POLO', 42735, 6, 2),
(1513, 'VOLKSWAGEN', 'POLO V', 67912, 13, 5),
(1514, 'VOLKSWAGEN', 'POLO VI', 13218, 4, 2),
(1515, 'VOLKSWAGEN', 'SANTANA', 14992, 8, 4),
(1516, 'VOLKSWAGEN', 'SCIROCCO', 61159, 1, 5),
(1517, 'VOLKSWAGEN', 'SHARAN', 78725, 12, 5),
(1518, 'VOLKSWAGEN', 'T-CROSS', 58358, 6, 4),
(1519, 'VOLKSWAGEN', 'T-ROC', 12102, 15, 1),
(1520, 'VOLKSWAGEN', 'TARO', 78901, 12, 4),
(1521, 'VOLKSWAGEN', 'TIGUAN', 73320, 16, 5),
(1522, 'VOLKSWAGEN', 'TOUAREG', 64422, 6, 1),
(1523, 'VOLKSWAGEN', 'TOUAREG III', 19916, 16, 4),
(1524, 'VOLKSWAGEN', 'TOURAN', 25179, 12, 2),
(1525, 'VOLKSWAGEN', 'TRANSPORTER', 16320, 9, 4),
(1526, 'VOLKSWAGEN', 'UP', 70094, 8, 4),
(1527, 'VOLKSWAGEN', 'VENTO', 43980, 20, 3),
(1528, 'VOLVO', '122', 53607, 5, 1),
(1529, 'VOLVO', '142', 78350, 6, 6),
(1530, 'VOLVO', '144', 76075, 14, 2),
(1531, 'VOLVO', '164', 23350, 1, 5),
(1532, 'VOLVO', '1800', 55714, 13, 5),
(1533, 'VOLVO', '240', 39704, 19, 5),
(1534, 'VOLVO', '242', 69373, 20, 1),
(1535, 'VOLVO', '244', 54177, 4, 6),
(1536, 'VOLVO', '245', 61274, 6, 6),
(1537, 'VOLVO', '262', 22547, 11, 2),
(1538, 'VOLVO', '264', 49592, 15, 6),
(1539, 'VOLVO', '265', 73422, 0, 5),
(1540, 'VOLVO', '340', 44656, 17, 1),
(1541, 'VOLVO', '360', 77373, 9, 4),
(1542, 'VOLVO', '440', 29943, 10, 5),
(1543, 'VOLVO', '460', 31597, 11, 2),
(1544, 'VOLVO', '480', 35599, 11, 2),
(1545, 'VOLVO', '66', 42002, 14, 5),
(1546, 'VOLVO', '740', 77384, 5, 6),
(1547, 'VOLVO', '760', 17363, 18, 6),
(1548, 'VOLVO', '780', 51458, 19, 4),
(1549, 'VOLVO', '850', 36907, 9, 4),
(1550, 'VOLVO', '940', 38020, 3, 1),
(1551, 'VOLVO', '960', 32994, 14, 4),
(1552, 'VOLVO', 'C30', 23618, 3, 1),
(1553, 'VOLVO', 'C70', 48351, 3, 1),
(1554, 'VOLVO', 'CROSS COUNTRY', 34039, 14, 5),
(1555, 'VOLVO', 'S40', 49725, 4, 3),
(1556, 'VOLVO', 'S60', 59164, 19, 4),
(1557, 'VOLVO', 'S60 III', 53050, 0, 2),
(1558, 'VOLVO', 'S70', 15071, 18, 1),
(1559, 'VOLVO', 'S80', 30695, 15, 3),
(1560, 'VOLVO', 'S90', 20676, 12, 4),
(1561, 'VOLVO', 'V40', 49911, 5, 3),
(1562, 'VOLVO', 'V50', 74393, 18, 1),
(1563, 'VOLVO', 'V60', 60248, 15, 6),
(1564, 'VOLVO', 'V60 II', 39014, 18, 1),
(1565, 'VOLVO', 'V70', 58544, 2, 3),
(1566, 'VOLVO', 'V90', 28316, 1, 4),
(1567, 'VOLVO', 'XC40', 24376, 19, 3),
(1568, 'VOLVO', 'XC60', 33321, 0, 4),
(1569, 'VOLVO', 'XC70', 21663, 18, 4),
(1570, 'VOLVO', 'XC90', 48392, 19, 3),
(1571, 'ZASTAVA', '1100', 47186, 8, 3),
(1572, 'ZASTAVA', '1300', 42871, 5, 2),
(1573, 'ZASTAVA', 'YUGO', 30983, 13, 4),
(1574, 'ZAZ', 'TAVRIA', 62337, 8, 4),
(1575, 'MERCEDES', 'AMG GT ', 120000, 1, 6);

-- --------------------------------------------------------

--
-- Structure de la table `type`
--

CREATE TABLE `type` (
  `type_id` int(11) NOT NULL,
  `type_lib` varchar(50) DEFAULT NULL
) ENGINE=InnoDB DEFAULT CHARSET=utf8mb4;

--
-- Déchargement des données de la table `type`
--

INSERT INTO `type` (`type_id`, `type_lib`) VALUES
(1, 'Coupé'),
(2, 'Berline'),
(3, 'Break'),
(4, 'SUV'),
(5, 'Sport'),
(6, 'Spécial'),
(7, 'Coupé'),
(8, 'Berline'),
(9, 'Break'),
(10, 'SUV'),
(11, 'Sport'),
(12, 'Spécial');

--
-- Index pour les tables déchargées
--

--
-- Index pour la table `client`
--
ALTER TABLE `client`
  ADD PRIMARY KEY (`Num_client`);

--
-- Index pour la table `employe`
--
ALTER TABLE `employe`
  ADD PRIMARY KEY (`matricule`);

--
-- Index pour la table `pdt_achete`
--
ALTER TABLE `pdt_achete`
  ADD PRIMARY KEY (`id_achat`,`REFERENCE`,`Num_client`),
  ADD KEY `Num_client` (`Num_client`),
  ADD KEY `REFERENCE` (`REFERENCE`);

--
-- Index pour la table `produit`
--
ALTER TABLE `produit`
  ADD PRIMARY KEY (`reference`),
  ADD KEY `pdt_type` (`pdt_type`);

--
-- Index pour la table `type`
--
ALTER TABLE `type`
  ADD PRIMARY KEY (`type_id`);

--
-- AUTO_INCREMENT pour les tables déchargées
--

--
-- AUTO_INCREMENT pour la table `pdt_achete`
--
ALTER TABLE `pdt_achete`
  MODIFY `id_achat` int(11) NOT NULL AUTO_INCREMENT, AUTO_INCREMENT=515;

--
-- AUTO_INCREMENT pour la table `type`
--
ALTER TABLE `type`
  MODIFY `type_id` int(11) NOT NULL AUTO_INCREMENT, AUTO_INCREMENT=13;

--
-- Contraintes pour les tables déchargées
--

--
-- Contraintes pour la table `pdt_achete`
--
ALTER TABLE `pdt_achete`
  ADD CONSTRAINT `pdt_achete_ibfk_1` FOREIGN KEY (`Num_client`) REFERENCES `client` (`Num_client`),
  ADD CONSTRAINT `pdt_achete_ibfk_2` FOREIGN KEY (`REFERENCE`) REFERENCES `produit` (`reference`);

--
-- Contraintes pour la table `produit`
--
ALTER TABLE `produit`
  ADD CONSTRAINT `produit_ibfk_1` FOREIGN KEY (`pdt_type`) REFERENCES `type` (`type_id`);
COMMIT;

/*!40101 SET CHARACTER_SET_CLIENT=@OLD_CHARACTER_SET_CLIENT */;
/*!40101 SET CHARACTER_SET_RESULTS=@OLD_CHARACTER_SET_RESULTS */;
/*!40101 SET COLLATION_CONNECTION=@OLD_COLLATION_CONNECTION */;
